run_id,n_test,accuracy,accuracy_lo,accuracy_hi,balanced_accuracy,balanced_accuracy_lo,balanced_accuracy_hi,auc_roc,auc_roc_lo,auc_roc_hi,auc_pr,auc_pr_lo,auc_pr_hi,f1,f1_lo,f1_hi,ece,ece_lo,ece_hi,brier,brier_lo,brier_hi
cnn_deep_hard_d4_s128_full_bce_nfull_seed0,47808,0.9407630522088354,0.9387544971552878,0.9430016942771084,0.9204644501275802,0.9175756503620046,0.9236779974798225,0.9852470802584684,0.9844838502064882,0.9860280008243737,0.9621480035020413,0.9601029966655151,0.9641214626599572,0.8855295068714631,0.8814417458655183,0.8899662715701172,0.0069679023320908485,0.005438422890136966,0.00895595749151461,0.04236795050065333,0.04108545643308432,0.043574605425971205
cnn_deep_reg_hard_d4_s128_full_bce_nfull_seed0,47808,0.9392779451137885,0.9372489959839357,0.9414742302543507,0.921326329094599,0.9184239360079527,0.9243750261259597,0.9840369134233029,0.9832366920353413,0.9848707768585044,0.9589131516344951,0.9567194450457115,0.9610657116768742,0.8836706070927669,0.879444714292991,0.8878253573966512,0.002413640233898666,0.001877524075403271,0.004721276550978287,0.043896136195105455,0.04266534506471157,0.0450709995496469
cnn_deep_reg_soft_d4_s128_full_bce_nfull_seed0,47808,0.9451765394912985,0.9431266733601071,0.9472682396251674,0.9287392078083705,0.9258815601089337,0.9316131088340006,0.9874554865935826,0.9867663254961144,0.9881862097802618,0.9677008424722536,0.9658664007560112,0.9695189623376236,0.8948951357420701,0.8909316389137079,0.8990008413076364,0.13968526002200735,0.1377686074481667,0.1415575727927948,0.06341218477945629,0.06259405743612154,0.06420379682280719
cnn_deep_soft_d4_s128_full_bce_nfull_seed0,47808,0.9463897255689424,0.944339859437751,0.9485232597054887,0.9300525774345795,0.9272705337051547,0.9329640806304969,0.9879983482018068,0.9872911761828389,0.9886960093318872,0.9689969347819244,0.9671278746973804,0.970753912425857,0.8971384998194004,0.8930718677652396,0.9010822572561971,0.13938974007184762,0.1374455535879448,0.14129878384806147,0.06260723277506387,0.06178682458465114,0.06338611890991878
cnn_small_hard_d4_s128_full_bce_nfull_seed0,47808,0.9327727576974565,0.9306183065595717,0.9350945448460509,0.9100031190418831,0.9069056918252945,0.91317042367672,0.9806699064853674,0.9797146730656375,0.9816101185780346,0.9503859088637103,0.9477388942724372,0.9528332107969049,0.8700469027979945,0.8656887569866047,0.8745568389793934,0.005942517408885157,0.004875859690862654,0.00821821816695027,0.048194025762701924,0.04682611572142455,0.049491332959223006
cnn_small_soft_d4_s128_full_bce_nfull_seed0,47808,0.9389641900937081,0.9368934069611781,0.9410768072289156,0.9205696220565517,0.9177086330914335,0.9236268342860344,0.9840227528715203,0.9832174978468815,0.9848412674201714,0.9593426277116294,0.9573053239189733,0.9614622938664464,0.8829428754813865,0.8788251232371762,0.8870199338538544,0.13469950447846743,0.13268841402800075,0.13658393138783095,0.06602653971757311,0.06514822396037577,0.06682840323222977
cnn_small_soft_d4_s64_full_bce_nfull_seed0,47808,0.9357011378848729,0.9336303547523427,0.9379606969544846,0.9177916312327707,0.9148445806594947,0.9210768641729488,0.9826727749748668,0.9817966820872462,0.9835643317507571,0.9556679788134415,0.9532997129917847,0.9579691181177642,0.8772364217252396,0.8732285608092929,0.881526948429491,0.13322211831569336,0.13131834309030602,0.13517554253196976,0.06756942788976705,0.06669958448951864,0.06845729418237993
cnn_small_soft_d4_s96_full_bce_nfull_seed0,47808,0.9377928380187416,0.9356796979585006,0.9399059780789826,0.9196475119697269,0.916686452365802,0.922694881546171,0.9837609981797907,0.982945445895781,0.9846185893611876,0.9585611548156239,0.9563972434592589,0.9606837886688853,0.8809161527989109,0.8766861520973054,0.8850330316111195,0.13486401523121194,0.13286236476509064,0.13676026734527996,0.06666257488570805,0.06581635457157889,0.06748763892444709
convnext_tiny_hard_conf_d4_s224_full_bce_nfull_seed0,47808,0.9457203815261044,0.9437118264725569,0.9478539156626506,0.9392958560590301,0.9367818861584943,0.9419841512409797,0.9881655763329149,0.9874831302770773,0.9888451173521607,0.9688560649755525,0.966965309360756,0.9707221825608648,0.8990154492742344,0.8953125595928756,0.9030008077364526,0.04641417623304179,0.044536023116248546,0.048339202445754695,0.049422645779445364,0.04758259001936937,0.05123711958195335
convnext_tiny_hard_d4_s224_full_bce_nfull_seed0,47808,0.9473519076305221,0.9453647925033467,0.9493181057563588,0.9399848637721343,0.9374127143431937,0.9423839766593861,0.9894723148644651,0.9888571619462622,0.9900817418653793,0.9727804612364064,0.9711875463720128,0.9743420989645123,0.9016297338492202,0.8977789798458791,0.9053428850834527,0.013474499363217318,0.011905806006653485,0.015300819145811207,0.03771693102974736,0.03644010863341066,0.038996240162627496
convnext_tiny_hard_debiased_d4_s224_full_bce_nfull_seed0,47808,0.691390562248996,0.6874372489959839,0.6956581534471219,0.7873202816814602,0.7845817947321531,0.7902293953015125,0.9568695987771672,0.9550902855120507,0.9586756217469806,0.9053611530249203,0.9015259785112928,0.9092168434098509,0.6255900116733493,0.6203701169335427,0.6309021898803674,0.15188067794318474,0.1478608701229239,0.15597188319888142,0.2269258638515409,0.22403484829010273,0.22967275571904078
convnext_tiny_soft_d4_photo_s224_full_bce_nfull_seed0,47808,0.9553422021419009,0.9534805890227577,0.9572874832663989,0.9413463547736096,0.9387202423975614,0.9439697487161806,0.9916474409537205,0.9910837722302505,0.9921654841483813,0.9782939720158141,0.976830791588232,0.9796187435585261,0.9142329168842647,0.9105831840514184,0.9178422621421035,0.14451263539384457,0.1428545889229312,0.14626978013401482,0.058913413959608585,0.0581654439199766,0.059645184702138664
convnext_tiny_soft_d4_s112_full_bce_nfull_seed0,47808,0.953459672021419,0.9516189759036144,0.9554677041499331,0.9421208339620358,0.9395636787986259,0.9448053278220967,0.991007767178351,0.9904464710861225,0.9915722171337683,0.9765937379982386,0.9751075027761394,0.9780409971126787,0.911499144823197,0.9079883060423236,0.915357308081031,0.14040566248259911,0.1385945185431715,0.14229099174519322,0.0587662728112933,0.05800502954139812,0.05950193756889191
convnext_tiny_soft_d4_s160_full_bce_nfull_seed0,47808,0.9541499330655957,0.9523301539491299,0.9561370481927711,0.9433396713561429,0.9407894748366816,0.9459502761855053,0.9912618506259516,0.9907146063462484,0.9918159053335219,0.9771503546944793,0.9757225141845202,0.9785478880374118,0.9128983549233093,0.9093427630048995,0.9165551958987033,0.14269190236886803,0.1409483107796833,0.14450857592312003,0.05913470676910764,0.05837491393490998,0.059872142625982235
convnext_tiny_soft_d4_s224_frozen_bce_nfull_seed0,47808,0.9023385207496654,0.899911625669344,0.9048700008366801,0.8584317823652864,0.854898216001762,0.8621871357743796,0.9601844246943035,0.9586380962248106,0.9617091355993163,0.9066983524931816,0.9030833267834788,0.9104027360851498,0.8037987981678363,0.798892782036042,0.8088490143368748,0.11924580862316139,0.11728879240337943,0.12165610059799335,0.08511674171405674,0.08410806279647838,0.0861352691449265
convnext_tiny_soft_d4_s224_full_bce_nfull_seed0,47808,0.9545473560910308,0.952790327978581,0.9564304091365462,0.9420530212074885,0.9395990916061898,0.9446748532514799,0.9914372933289927,0.9908934210799469,0.9919932788602143,0.9777133804466274,0.9762868129631048,0.9791184794693084,0.9131737723258881,0.9097615390263469,0.9167439999587425,0.14015949132784153,0.13841065093213084,0.14198543894349003,0.05802991505164001,0.057287540908378266,0.05876806673429248
convnext_tiny_soft_d4_s224_full_bce_nfull_seed0_scratch,47808,0.9467034805890228,0.9446954484605087,0.9487742637215528,0.9324425891031283,0.9297182257462374,0.9353153835260966,0.9878535916095778,0.9871327222762207,0.9885654879849498,0.9682180675520511,0.9662849294127593,0.9701148735546585,0.8983645791783007,0.8944762193910077,0.9022834816780918,0.13873056158544358,0.13669788152704856,0.14066805919018524,0.06242427268358617,0.061603740300370434,0.06321670161762241
convnext_tiny_soft_d4_s224_full_focal_nfull_seed0,47808,0.9536688420348058,0.9518281459170014,0.95557281208166,0.9443882373028625,0.9418980588338873,0.9469703029618822,0.9913523288840012,0.9908107592493902,0.9919052613190119,0.9775116249094817,0.976126432015779,0.9788999707301144,0.9124332872109112,0.9089127123883269,0.9160527943519282,0.05300736016834029,0.051452397772888486,0.05473326604160284,0.037366419358465935,0.036476356262418644,0.03822290863613725
convnext_tiny_soft_d4_s224_full_smooth_nfull_seed0,47808,0.9533132530120482,0.9514516398929049,0.9552799740629184,0.9471290912742435,0.9446859527079623,0.9496599302249312,0.991403526470132,0.9908733007693467,0.9919515131525485,0.9776195188803127,0.9762333753667892,0.9790045376689861,0.91261451726568,0.9089905801273851,0.9163357694236907,0.17553988641917762,0.17377975927054923,0.17735409061340662,0.06915606497323991,0.06841458952933174,0.06988377378027495
convnext_tiny_soft_d4_s224_partial_bce_nfull_seed0,47808,0.9339859437751004,0.9316845507028112,0.936161311914324,0.9223607390267203,0.9194670206120741,0.9252151577340288,0.9823120461477364,0.9813825721050294,0.983230984430521,0.9554811112695039,0.9531019682088886,0.9577525681010849,0.8765451416053825,0.8720998769992386,0.8807756409281481,0.1263571899748389,0.12440320736469092,0.12839940300546587,0.06664018828701077,0.06575188226951262,0.06755870799623144
convnext_tiny_soft_debiased_d4_s224_full_bce_nfull_seed0,47808,0.7444151606425703,0.7404200133868809,0.7483480798192771,0.821846152469642,0.8189537597288451,0.8247663006337105,0.9457491430075803,0.9438075750395338,0.947645524225248,0.8715402718674566,0.8669695155158572,0.8763590294849765,0.6676639377702832,0.6623212073973979,0.6729896317644979,0.07161427459771805,0.06796414473610204,0.07537189229835123,0.19078586820778573,0.188451431260083,0.1930454335917187
convnext_tiny_soft_flip_s224_full_bce_nfull_seed0,47808,0.9540453480589023,0.9521622950133869,0.9558865671017404,0.9410133980507603,0.9383681786550591,0.9434729188883666,0.9908011301998716,0.9902107775153961,0.9913784541509969,0.9762799057779572,0.9747916375420074,0.9777283527522455,0.9121094531343762,0.9085041557562653,0.9156656215130856,0.14131903555236414,0.13953930499655456,0.14313567813358827,0.059243759772338894,0.058466493103392365,0.06000189209719273
convnext_tiny_soft_none_s224_full_bce_nfull_seed0,47808,0.9524974899598394,0.9504894578313253,0.9543591030789826,0.9402254434253606,0.93761592313454,0.9428658311632327,0.9907114300689068,0.9901184315655275,0.9912962087303185,0.976162856560535,0.9747367626635586,0.9776479163676531,0.9094894583715276,0.90579003175653,0.9131530985287503,0.1414302371686598,0.1395666688491616,0.14320710060168426,0.06024135360353831,0.059484355968316534,0.061005468466020764
convnext_tiny_soft_none_s224_full_bce_nfull_seed0_op,47808,0.9542126840696118,0.9523510709504686,0.9560952141900937,0.9416191938062572,0.9389633772002643,0.9442575931804132,0.9914339233354533,0.9908845734534362,0.9920048291174953,0.9776489323478628,0.9762370432959369,0.9791297981998923,0.9125344627801973,0.9089459288769253,0.9162109676847671,0.14068816043931331,0.13889443466837761,0.14245968826726263,0.05887993423256519,0.05812250489519462,0.0596388075102961
convnext_tiny_soft_w_d4_s224_full_bce_nfull_seed0,47808,0.9543591030789826,0.9525184069611781,0.9562625502008032,0.9428589748424754,0.9403298467092203,0.9454314148289746,0.9915616450697305,0.9910228616822327,0.9920948279308941,0.9779866837326364,0.9766185347295818,0.9793972117475596,0.9130954277521108,0.9096039402230175,0.9166871384211622,0.1405048702316034,0.1387720584842385,0.1423183637759439,0.058144223294361426,0.05739322898108043,0.05887278548962365
deit3_small_hard_d4_s224_full_bce_nfull_seed0,47808,0.9471427376171352,0.9451347054886211,0.9491512926706828,0.9280213345296012,0.9249911329758957,0.9309182823552179,0.9882970401098333,0.9876053814517382,0.9889752437984181,0.9696396084001998,0.9677958807378776,0.9713879730145426,0.8976301397609885,0.8935843179739014,0.9016133483048161,0.0194700757474569,0.01781203026122491,0.02125578079980964,0.03899933711297559,0.03761494411015645,0.04036082235220105
deit3_small_soft_d4_s224_full_bce_nfull_seed0,47808,0.9538989290495314,0.9520577100066934,0.9558860441767069,0.9431957790974974,0.9405965234614608,0.9458152015909776,0.9910140534470131,0.9904418366033411,0.9915832532914186,0.9765240859640025,0.9750752743617864,0.9779845092700585,0.9124702144559174,0.9088746311984975,0.9162454398587382,0.14344363993052003,0.141680301274157,0.14529321259525146,0.059515111113081616,0.05874372595213058,0.0602590378816645
densenet121_hard_d4_s224_full_bce_nfull_seed0,47808,0.9484186746987951,0.9464937876506023,0.9504894578313253,0.9318400782689678,0.9291542080718413,0.93476599803336,0.9888872064001737,0.9882387777502462,0.9895530354319039,0.9717352214141395,0.9701150003965717,0.9733714871484126,0.9007725736359247,0.8970944058194509,0.9048157421938555,0.014826255364971898,0.01318422012245294,0.016651961653694546,0.03736734075533571,0.03602848533915536,0.03865008822848205
densenet121_soft_d4_s224_full_bce_nfull_seed0,47808,0.9537525100401606,0.951953125,0.9556768741633199,0.9411523084811915,0.9386054123040017,0.9438426208884706,0.991267181817347,0.990711178102693,0.9918287795099662,0.9772106429434166,0.9757915512623762,0.9786117385202794,0.9116906977673044,0.9082071095016351,0.9153278475202475,0.14208508025956282,0.14031623587243292,0.14382083878290394,0.058985306898392105,0.05821206854949825,0.05972274140915597
effnetv2_s_hard_d4_s224_full_bce_nfull_seed0,47808,0.9473309906291834,0.945281124497992,0.9494017737617135,0.9331523135991351,0.9304818235211895,0.9359671286814377,0.9886169422195404,0.9879649822922706,0.9893083169375327,0.9708175116231311,0.9691233677069465,0.9725914082162848,0.8995291676641929,0.8957059254038877,0.9035562215236176,0.009978300293348001,0.008443350887388963,0.011870554086095452,0.0375290670208339,0.03618244364115512,0.03877854816072213
effnetv2_s_soft_d4_s224_full_bce_nfull_seed0,47808,0.9546728580990629,0.9529362240629183,0.9566186621485944,0.9398305632130117,0.9372503291654263,0.942612906541972,0.9911862169001979,0.9906115731836019,0.9917732442676488,0.9770123123983439,0.9755673519000869,0.9785033470899274,0.9127722094755063,0.909361482941888,0.9165300783540887,0.13902230740880464,0.13730451880010067,0.14081563437357453,0.057728457342573855,0.05697832271952487,0.05846388103654748
mobilenetv3_hard_d4_s224_full_bce_nfull_seed0,47808,0.9463060575635877,0.9443178965863455,0.9484186746987951,0.9279478593692145,0.9250699796113332,0.9309668460392931,0.9879523513630263,0.9872740335790665,0.9886521613169105,0.9687373626863697,0.9669015977468594,0.9705632424427294,0.896337277389654,0.8924314642658266,0.9003534237692544,0.014501730578821254,0.013078614962833945,0.01647570477350739,0.038942730796518756,0.03759319350184904,0.04025037105058692
mobilenetv3_soft_d4_s224_full_bce_nfull_seed0,47808,0.9510751338688086,0.9491711638219544,0.9531046059236948,0.9377335402119925,0.9350273873827786,0.9405800927788127,0.9902962073913488,0.9896913506705858,0.9909104854975436,0.974666928333578,0.9731628828261726,0.9762248288883891,0.9065931871730362,0.9027969388478247,0.9104016860924858,0.14229695461030425,0.14045319055454128,0.1441370076228,0.060556558612313356,0.05975655754850078,0.061337532816913634
resnet50_hard_conf_d4_s224_full_bce_nfull_seed0,47808,0.9441725234270415,0.9421639683734939,0.9463902484939759,0.932467266847808,0.9297303491162263,0.93527703188834,0.9862894019054794,0.9854708643153527,0.9870897128013539,0.9650698730601166,0.9630841245047631,0.9670310200622397,0.8946100691016783,0.8906893180996206,0.8985845370366903,0.04535315221391689,0.04348284196629533,0.047384957295852154,0.04956629485530882,0.04764462650849469,0.05133773625239753
resnet50_hard_d4_s224_full_bce_n10000_seed0,47808,0.9144703815261044,0.9119394243641231,0.9170227786144579,0.9158461819431903,0.9129852080883348,0.9185922539187795,0.9753127465165589,0.974079963659079,0.9764876716782691,0.9398585156259799,0.9368913115002044,0.9427483668691938,0.8486284381594047,0.8440598180678734,0.8530978277593202,0.025290211237862563,0.02320830843781357,0.02761153295743386,0.062797603047275,0.061127056528224505,0.06449878398966614
resnet50_hard_d4_s224_full_bce_n2000_seed0,47808,0.8995983935742972,0.8970041624832664,0.9023599606760375,0.8566297897646715,0.8527432451745063,0.8605080799514346,0.9511270583253572,0.9492367921336768,0.9532213476516719,0.8927195261588904,0.8887305520864985,0.8969747857321926,0.7994317232157782,0.7938878520501675,0.8049906064122943,0.03244874724090608,0.030210500095040598,0.03493156036443934,0.07460378745852185,0.07274797825963626,0.07634376632110351
resnet50_hard_d4_s224_full_bce_n25000_seed0,47808,0.9359521419009371,0.9336931057563588,0.9382111780455153,0.9100801059828145,0.9069106019236063,0.9133861575884941,0.9829185565097396,0.9820344055348338,0.9838210291314976,0.9569360835431039,0.9546973988385842,0.9592007792060709,0.8746109746109747,0.8702589259844542,0.8789539180580659,0.024019335281640727,0.022025566283061192,0.025979954044306114,0.046777521528831474,0.04521766012290293,0.048243117181532194
resnet50_hard_d4_s224_full_bce_n50000_seed0,47808,0.9419134872824632,0.939779953145917,0.9440475443440429,0.9164724948454865,0.9133804109457178,0.9196651575359576,0.985800462462478,0.9850250130405392,0.9865764270361603,0.9636774500879886,0.9616797653020871,0.9656894444211671,0.8858000575728915,0.8816858949161107,0.8900009968347926,0.00837965703523653,0.006968542108702366,0.01039785047647064,0.04161669083931416,0.04030468650514418,0.04288817534008997
resnet50_hard_d4_s224_full_bce_n5000_seed0,47808,0.9165620816599732,0.9140724355756359,0.9189471427376171,0.8960802204287479,0.8925412775404182,0.8992514532153766,0.9684482579699178,0.9669652073096202,0.9698495787957826,0.9254087672741881,0.9220068494890521,0.9287460269453073,0.8422010364334032,0.8372778388734317,0.8467221220137624,0.02687193176867797,0.025056687489687847,0.029240609918076987,0.06206246827241698,0.060391784267732035,0.06369632210869319
resnet50_hard_d4_s224_full_bce_nfull_seed0,47808,0.9474774096385542,0.9454270205823293,0.9495900267737617,0.9232959933360743,0.9202446472732648,0.9263650540440196,0.9888976226407232,0.9882418619100752,0.989578226725584,0.9714352857235834,0.9697431480301514,0.9731315073902048,0.896611355869395,0.8925216198327962,0.9006718138078883,0.01217529587005365,0.010549329491114205,0.013972039841046184,0.03742390917223952,0.03610765597529947,0.03870178967350395
resnet50_hard_debiased_d4_s224_full_bce_nfull_seed0,47808,0.6862031459170014,0.6822702267402945,0.6902840528781794,0.7836810879311009,0.780940722529844,0.7865171041003522,0.9557486772202539,0.9539613125118178,0.957644439743248,0.9004140632027989,0.8963958517592169,0.9045788178717569,0.6215820805165976,0.6164441720077618,0.6271072670246903,0.1731521416790855,0.16914386421065583,0.1771864008813877,0.23974286680759144,0.23671636298167884,0.2427855138858758
resnet50_soft_d4_photo_s224_full_bce_nfull_seed0,47808,0.9541917670682731,0.952287797021419,0.9561161311914324,0.9407754272784297,0.937957796323775,0.9434349124938162,0.9913655445671812,0.9908029423548163,0.9919147269082317,0.9773024765146205,0.9758460358768691,0.97871573165427,0.9122736740906906,0.9085291182074522,0.9160571057523471,0.1455235269893593,0.1437451033720839,0.1473506162484061,0.059798123612237124,0.05905588249519871,0.060553389117658625
resnet50_soft_d4_s112_full_bce_nfull_seed0,47808,0.952183734939759,0.9501960968875501,0.9541708500669344,0.9407909353739096,0.9381076644297647,0.9435137940735058,0.9904770017031138,0.9898950026025461,0.9910555732126242,0.9750686091308454,0.9735126206015532,0.9766486791745442,0.909163156639911,0.9054226308853184,0.9130041477008647,0.1437373601049861,0.1419798130778753,0.14552601164989318,0.060705269751441436,0.059930963276237495,0.061462915756664065
resnet50_soft_d4_s160_full_bce_nfull_seed0,47808,0.9520373159303882,0.9500705948795181,0.9540463939089692,0.9403029929771285,0.9376520519096675,0.9430413740769851,0.9904418203770894,0.9898541951424049,0.9910562384842687,0.9749774820947322,0.9734181277472046,0.9765398556872723,0.9088016545360538,0.905154766918759,0.9125607928505931,0.14265229938008048,0.14086326699589058,0.14448577752322933,0.060384952739034034,0.059579591254778755,0.06117233541840377
resnet50_soft_d4_s224_frozen_bce_nfull_seed0,47808,0.8510918674698795,0.8478915662650602,0.8543340026773761,0.7882427683545705,0.7839966610190359,0.7926022220935277,0.9043177153502777,0.9014520002752358,0.9072548101584709,0.7936218649005248,0.787318436715884,0.7999309985469764,0.6971540392223593,0.6907021237613812,0.7038019601302982,0.09565575498300861,0.09282181783954742,0.09859691373262697,0.11514775992365534,0.1138562173919653,0.11639965937701849
resnet50_soft_d4_s224_full_bce_n10000_seed0,47808,0.9318314926372155,0.9295719335676037,0.9342369477911646,0.9092107497362898,0.9060784705987158,0.9126069384396835,0.979736845904558,0.9786662247489282,0.9807761421678075,0.9500652600804336,0.947512325476361,0.9526141978510699,0.8684029880880274,0.8639185527516335,0.8729974979335171,0.12326648609549162,0.12125930670489159,0.12538580651326894,0.06712119807030918,0.06618861631437127,0.06798072558459228
resnet50_soft_d4_s224_full_bce_n2000_seed0,47808,0.9034680388219545,0.9010416666666666,0.906083186914324,0.8707846473811174,0.8671298987608219,0.8744924854671258,0.9581258838207898,0.9564202396515356,0.9598244265480672,0.9020308356128779,0.8981621648737962,0.9060294475475884,0.8126801152737751,0.8075367750187439,0.817808350522713,0.10799256047882873,0.10563008162633979,0.11037247108568171,0.08266702144230505,0.08156419853681098,0.08373748292913002
resnet50_soft_d4_s224_full_bce_n25000_seed0,47808,0.9429175033467202,0.9408048862115127,0.9451347054886211,0.9254219907951785,0.9223459517341057,0.928559923763851,0.985853270748988,0.985050840650593,0.9866220058018346,0.9639586884264024,0.961931275312817,0.965914967324931,0.8904324085598426,0.8862606239309148,0.8946368848751131,0.13326931960211486,0.1312991408508523,0.13525627457112357,0.06314946462120825,0.06230380711132052,0.06398782813596857
resnet50_soft_d4_s224_full_bce_n50000_seed0,47808,0.9470381526104418,0.9449663236278447,0.9490461847389559,0.9358059946511317,0.9330627293414665,0.9385368219462566,0.9885575799705024,0.9878878058626673,0.9892182128861501,0.97067821242668,0.9689628390248006,0.9723579772116718,0.8999051233396584,0.8959942322382924,0.9037020807615999,0.1363596690531837,0.13453636223446916,0.13816002533738603,0.06120215953009025,0.06038223973639973,0.06198497962122644
resnet50_soft_d4_s224_full_bce_n5000_seed0,47808,0.9206199799196787,0.9182145247657296,0.9230677920013387,0.9028959058882016,0.8994670474211075,0.9060944047772638,0.9735689523772432,0.9722635579986477,0.9748157631444334,0.9360723646229441,0.933096190406724,0.9389336993946741,0.8505846686877435,0.8457502087301989,0.8553189949126461,0.11896311032661,0.11670390911744989,0.12115556702085974,0.07340723867216582,0.07241256780043925,0.07437112882056364
resnet50_soft_d4_s224_full_bce_nfull_seed0,47808,0.9530413319946452,0.9511588018741634,0.9549866131191432,0.937560101810057,0.9349014234491386,0.9403586710315376,0.9908018618208184,0.9902348584439593,0.9914009999339005,0.9760848344746914,0.9745938704483458,0.9775972067977161,0.9095888204260804,0.905917810517051,0.9133775921051807,0.14312863981261179,0.1412696601031062,0.1450439036598118,0.05993498992513571,0.059157910482524105,0.060713807336506415
resnet50_soft_d4_s224_full_bce_nfull_seed0_scratch,47808,0.9498201137884873,0.9478539156626506,0.9518495858433735,0.9357955818134704,0.9330771830970681,0.9386043489641878,0.9893112686467834,0.9886952658960835,0.9899607538799834,0.9721322169897264,0.9704724648228817,0.9738172563575278,0.9041052084582484,0.9002675111925329,0.9080039267654799,0.1418904516831292,0.1400139467223383,0.14368368890612485,0.06146985398082488,0.060678670724581864,0.06221162290065379
resnet50_soft_d4_s224_full_focal_nfull_seed0,47808,0.9518281459170014,0.9498823418674699,0.9538361780455153,0.9419762611257654,0.9393909139571696,0.9445435103639649,0.9904039235463414,0.9898130136235511,0.9910256001744638,0.9748327024496781,0.9733352393558383,0.9764046041565758,0.9089471395247696,0.9053350935773729,0.9125860390141308,0.05364771057693081,0.05187737440038906,0.05541607085940092,0.0390652587297447,0.03810016381550862,0.039969100104278336
resnet50_soft_d4_s224_full_smooth_nfull_seed0,47808,0.9523510709504686,0.9504267068273092,0.9543591030789826,0.9391930661517458,0.9365059977000022,0.9418587023672629,0.9908182206383296,0.9902482155454922,0.9914176325133099,0.975950308959295,0.9744733395562868,0.97747188260591,0.9089746663469991,0.9053398644997573,0.9127656345939961,0.17541284398506163,0.1735753240414513,0.17719507382425945,0.06944241004635106,0.06870003822009033,0.07017155692037669
resnet50_soft_d4_s224_partial_bce_nfull_seed0,47808,0.9138637884872824,0.9113119143239625,0.9162901606425703,0.8848437341141839,0.8812505922896443,0.8882158193557554,0.9678326743738787,0.9663945112867235,0.9692007157022082,0.922483584872341,0.9190814466624041,0.9258151904134359,0.8331577667936148,0.8281997554635276,0.8379491391344277,0.11457578724175703,0.1124224791558988,0.11679836573030859,0.07674608685844243,0.07569795334493189,0.07774648338782543
resnet50_soft_debiased_d4_s224_full_bce_nfull_seed0,47808,0.7001966198125836,0.6961795097054887,0.7041708500669344,0.7927595442663476,0.7900216222641406,0.7955741780867928,0.9381940961651465,0.9361212493216234,0.9402805203492279,0.8588054069138736,0.8540692137730498,0.8639679958219382,0.6319681602259597,0.626770095723897,0.6373333300740396,0.08561724087279826,0.08171575682601172,0.08990657932539267,0.2154584180005208,0.21298164069268474,0.21779714340613307
resnet50_soft_flip_s224_full_bce_nfull_seed0,47808,0.9497573627844712,0.9476865796519411,0.9517868348393574,0.9423900477845347,0.9398563494579671,0.9449385973580745,0.9898301353565447,0.9892020674578774,0.9904283695165461,0.9734465420313331,0.9718274626348226,0.9750832645081334,0.9059219802600658,0.9021797197507007,0.9097114254805161,0.14516017800706615,0.14329971568604305,0.14709975883917573,0.06286272426345464,0.06210087188028023,0.06363605882965101
resnet50_soft_none_s224_full_bce_nfull_seed0,47808,0.9441934404283802,0.9421639683734939,0.9463269745649264,0.9388331585549496,0.9362510602359158,0.9412013668324725,0.9874755885880309,0.9867707701655034,0.9881969974288882,0.9677148339829745,0.9658710733702914,0.9695344928126427,0.8966452312698535,0.8926774042499246,0.9003547977749072,0.1489998361006488,0.14709461186510092,0.15092451673970708,0.06767522875259682,0.06684300546515132,0.06847450996518059
resnet50_soft_none_s224_full_bce_nfull_seed0_op,47808,0.9526229919678715,0.9507190219210174,0.9546524640227577,0.932429009310919,0.9296915471671391,0.935432167233822,0.990973635076165,0.9903897164042668,0.9915522227829988,0.976549948342735,0.9750583827549274,0.9780152911383995,0.9074641500183845,0.9038159396646557,0.9113005314995117,0.13696350163927118,0.13550899493225826,0.13888728145281046,0.05768070386335929,0.05690286528370704,0.05845169972561004
resnet50_soft_w_d4_s224_full_bce_nfull_seed0,47808,0.9529367469879518,0.9509496318607764,0.9548611111111112,0.9378004500668908,0.9350268457187275,0.9404827018488154,0.9908825839986145,0.990312553625696,0.9914875888713715,0.9762266857985764,0.9747506047337092,0.9777275258222864,0.9094931617055511,0.905813420122175,0.9133062289407781,0.14381931525395766,0.1419949036962957,0.14561202422602212,0.06005875057494515,0.05929618191377989,0.060827510619417956
swin_tiny_hard_d4_s224_full_bce_nfull_seed0,47808,0.9473728246318608,0.9453015185742971,0.949402296686747,0.9336472750198211,0.930765534679439,0.9364016235801317,0.9887437247566954,0.9880820995881119,0.9894136756661306,0.970842546181872,0.9690318818299368,0.9725673988047595,0.8997449792795665,0.8957323178690277,0.9035996923910504,0.01284356026225218,0.011288805202655431,0.014721173062189586,0.037682874642667695,0.036388346089066985,0.03902772202957596
swin_tiny_soft_d4_s224_full_bce_nfull_seed0,47808,0.9538570950468541,0.9520582329317269,0.9558447330990629,0.9421045318593269,0.9394983594703837,0.9447726729697123,0.9911953729378452,0.9906477704710382,0.9917744837639203,0.9767451714265464,0.9753081003756603,0.9781801941510482,0.9121115537848604,0.9086523297739539,0.91579723280488,0.14073901708196376,0.13893146526523786,0.1426506515348256,0.05865504367815478,0.057874726650833055,0.059408048640446236
vit_base_hard_d4_s224_full_bce_nfull_seed0,47808,0.9463478915662651,0.9442975025100401,0.9484605087014726,0.9297909452468223,0.9268512692480972,0.9326942378805322,0.9880118077586357,0.9873351330459716,0.98869659360621,0.9687997052134447,0.9669893455715177,0.97061341715069,0.8969920886711378,0.8930349111311369,0.9009698052644565,0.018419744878683048,0.01672761396063086,0.020266367503676448,0.039326798937183244,0.03794165398629203,0.04074060313659868
vit_base_soft_d4_s224_full_bce_nfull_seed0,47808,0.9523510709504686,0.9503843498995984,0.9543172690763052,0.9422263461798198,0.9396005951124583,0.9448259544924142,0.9905774243345593,0.9899917686321275,0.9911693123156387,0.9754595743320652,0.9739474981252217,0.9769918980321869,0.9098178939034045,0.9059952941721221,0.9136262081489342,0.14504982774677955,0.1431469487167801,0.14687020264062103,0.06098283424447145,0.06020292509660872,0.061721597663228246
vit_small_hard_conf_d4_s224_full_bce_nfull_seed0,47808,0.9422481593038822,0.9402186872489959,0.9444658843708166,0.9347689713009308,0.9321988712359307,0.9374981853241304,0.9859338397968184,0.9851690089633031,0.9867477937974146,0.9610998350069861,0.9586322521583732,0.9636700114529482,0.8925471881689044,0.8887140020760206,0.8966281770995992,0.048870272494252125,0.046826815785402626,0.05086540759970195,0.05235633793343384,0.050325374915820884,0.054188571636146224
vit_small_hard_d4_s224_full_bce_n10000_seed0,47808,0.9277317603748326,0.9253472222222222,0.9300535475234271,0.9189590623302752,0.9159830855825962,0.9218583499383141,0.9798813472801776,0.9788992811925312,0.9808458024678344,0.9487324489056224,0.9462495116865182,0.9512311092220718,0.8667412350059783,0.8622286327318436,0.8709729793147666,0.02640090863691676,0.024661044664234882,0.028495784055031666,0.05350946159741738,0.051936746518472444,0.05502816769597426
vit_small_hard_d4_s224_full_bce_n2000_seed0,47808,0.9200343038821954,0.9175660977242303,0.9223351740294511,0.8757186536744459,0.87208152272483,0.8793765936943511,0.9725951648970621,0.9713671303864039,0.9739121777119518,0.933828146546865,0.9308111817515131,0.9368530499528869,0.8363511835965927,0.8313793428657082,0.8413322946296282,0.04087284837735155,0.03881384294313515,0.04310535317004575,0.06164519453648475,0.05988442402279338,0.06346825786593795
vit_small_hard_d4_s224_full_bce_n25000_seed0,47808,0.928714859437751,0.9265394912985274,0.9310784805890228,0.9261314748204246,0.9235822272777571,0.9287862409578392,0.9821988207168699,0.9812966683683547,0.9831315263747107,0.9548740566756398,0.9525897288018847,0.9572975524487246,0.8708210143279509,0.8667845411741734,0.8750992792411039,0.021909679992142016,0.020064094849134937,0.023850227475393223,0.05160077323925042,0.05002663255411915,0.053065000717939646
vit_small_hard_d4_s224_full_bce_n50000_seed0,47808,0.9418298192771084,0.9397794302208835,0.9439440051874163,0.9259823874859088,0.9230943405906165,0.928847084463828,0.9854659313367231,0.9846450888590784,0.9862483237411596,0.9627504077296645,0.9606494920694957,0.9647937722220883,0.8890219082964205,0.8848746369753514,0.8931879608420075,0.028772848976187305,0.027066102639119724,0.030755129607155214,0.044915261034896736,0.043405107538772185,0.046486094454039645
vit_small_hard_d4_s224_full_bce_n5000_seed0,47808,0.9249916331994645,0.9226274891231593,0.9272511922690764,0.9103905219747263,0.9073283922500462,0.9133213585903703,0.9769086500036824,0.975822467722011,0.9780177820173276,0.9407549336560803,0.9378729139889873,0.9438802450997679,0.8595927956147219,0.8551217872703109,0.8639644850917781,0.05202492239614259,0.05007579747776182,0.054379389805227024,0.06239468947194148,0.060438137826708545,0.06441238355787136
vit_small_hard_d4_s224_full_bce_nfull_seed0,47808,0.945615796519411,0.9435450133868809,0.9476865796519411,0.9208698656815629,0.9177658900916648,0.9239590322873334,0.9880088188885663,0.9872908586168293,0.9886716423618985,0.9690018304788438,0.9672024728364066,0.970765856395155,0.8929424359713416,0.888860766894448,0.8968633886370304,0.011131611390617573,0.009751699433239164,0.01314597732882536,0.03882760011723613,0.03754847936467172,0.04014156480963632
vit_small_hard_debiased_d4_s224_full_bce_nfull_seed0,47808,0.6727535140562249,0.6687160098728246,0.6770205823293173,0.7764483218171735,0.7738628565612032,0.7792266750870508,0.9550372751004017,0.9533092814139849,0.9567715477251837,0.892966357610366,0.888444761447761,0.8976052654619763,0.6130444460933443,0.6077346619289498,0.6184742978704589,0.20570691398297836,0.2016774513977864,0.20980255507829323,0.2620523254995542,0.2587135008559603,0.2651555563700636
vit_small_soft_d4_photo_s224_full_bce_nfull_seed0,47808,0.9531668340026773,0.951179718875502,0.955070281124498,0.9434782414977616,0.940880423816692,0.9459572151199598,0.9910348723165594,0.9904652383619155,0.9915769444830982,0.9765544463449263,0.9750329592818542,0.9779652360569221,0.9114144411473788,0.9076353675001092,0.9151451406756861,0.14204720693912049,0.14024837370380802,0.14384658300005593,0.05950105207255424,0.05873833358912278,0.06025769920394543
vit_small_soft_d4_s112_full_bce_nfull_seed0,47808,0.946619812583668,0.9446536144578314,0.9487951807228916,0.935160008518291,0.9325271371293994,0.9380103493977145,0.9882908241675256,0.9876281036284288,0.9889818818632169,0.9692638371671031,0.9674861357085495,0.971141485616212,0.8990825688073395,0.8952212254044462,0.9030712839415598,0.13862469026298277,0.13682788793533154,0.14046269913493037,0.06239011838566953,0.06156708945894909,0.06317760657773128
vit_small_soft_d4_s160_full_bce_nfull_seed0,47808,0.9503848728246319,0.9484814257028112,0.9523515938755021,0.939340579083356,0.9366976444885753,0.9420988354911407,0.9896105503887513,0.98898110011621,0.9902661658554596,0.9728759490849306,0.971175850825168,0.9745788948471232,0.9059998414837125,0.9022984192593998,0.9098244893901162,0.1384624094077214,0.13663362237270124,0.14034923871607644,0.06011867319174631,0.059322759191078496,0.060908609265082236
vit_small_soft_d4_s224_frozen_bce_nfull_seed0,47808,0.9037817938420348,0.9011666457496653,0.9063755020080321,0.8586045447267812,0.8548632126754079,0.8623766894610739,0.9609836814454612,0.9594174740091913,0.9626136448071586,0.9069213381371531,0.9031671950724792,0.9107070100810573,0.8056283275585228,0.8003216560677784,0.8109341812206038,0.11394772234702323,0.11152025864128819,0.11623478224736723,0.08321857902234492,0.08214283699157413,0.08426000302188529
vit_small_soft_d4_s224_full_bce_n10000_seed0,47808,0.939110609103079,0.9369352409638554,0.9412865001673361,0.9171428184341945,0.9141511188928139,0.9202617784187068,0.9844710164584722,0.9836527234837655,0.9853055729983897,0.9604729406216449,0.9583574429899666,0.9626446329938905,0.881901902714106,0.8774948619910691,0.8861607053505695,0.128162749380405,0.12622828250589987,0.1300627646626899,0.0636323907482062,0.06275755338108764,0.0644812104157356
vit_small_soft_d4_s224_full_bce_n2000_seed0,47808,0.9284220214190094,0.9261211512717537,0.9306188294846052,0.8993078961124208,0.8959411873022164,0.9026358782070741,0.978640623643949,0.9776228683619472,0.9796413524953543,0.9463685903898256,0.9437288214018443,0.9490107546598362,0.8594199326267357,0.8547446543367422,0.8641207202050545,0.12354161034177968,0.1214337043781813,0.12556588519662068,0.06899408458302583,0.06806410269293686,0.06988174614503065
vit_small_soft_d4_s224_full_bce_n25000_seed0,47808,0.9459923025435074,0.9439842704149933,0.9479794176706827,0.9327132775104812,0.9301215697474944,0.9355571495416033,0.9876581433272522,0.9869500992257917,0.988385026678315,0.9684811079291031,0.9666783445725379,0.9703086949748376,0.8973849455528177,0.8936752467283576,0.9013650151578315,0.1431477651426801,0.14132885946922788,0.1449643529137347,0.06384862917033744,0.0630241224405135,0.064635294723341
vit_small_soft_d4_s224_full_bce_n50000_seed0,47808,0.9464524765729585,0.9443607764390897,0.9484814257028112,0.9379763748457493,0.9352919750882194,0.9405719023128731,0.9888418572444332,0.988162898095156,0.9894759903029922,0.9711321251642429,0.9693679182126392,0.9727869551348586,0.8996943813180786,0.8957501167721296,0.9035947363399602,0.14092762118894725,0.1391109120085035,0.14285352159908218,0.06309319476234648,0.06228639739135997,0.06391002330051108
vit_small_soft_d4_s224_full_bce_n5000_seed0,47808,0.9343415327978581,0.9321870816599732,0.9365796519410977,0.910234864797538,0.9071154984242012,0.9134143445784912,0.9820609050640674,0.9811566202392835,0.982942122805547,0.9540368697288457,0.9517666707001105,0.9563781819553209,0.8723620542430772,0.8680321224038361,0.876859165953909,0.13036403426106638,0.12835793355542077,0.13241918713952383,0.06748290601343142,0.06660394658328192,0.06838571687681398
vit_small_soft_d4_s224_full_bce_nfull_seed0,47808,0.9530413319946452,0.9512006358768407,0.9549458249665328,0.9367823377002944,0.9341378187652847,0.9395624369111056,0.9907824256581468,0.9902113998612107,0.9913709940742621,0.9759124206137934,0.9744070011171644,0.9774418100661127,0.9093698276210084,0.9056597657811792,0.9130090277358188,0.14038695935794204,0.13862360659834003,0.14217933042017097,0.05872123748310776,0.05794359326690784,0.059470512808907194
vit_small_soft_d4_s224_full_bce_nfull_seed0_scratch,47808,0.9377091700133868,0.9356796979585006,0.9399472891566265,0.9187612910096568,0.9157693623643057,0.9219570273440957,0.9836091261484929,0.9827628395284878,0.9844707815383444,0.9574084208862378,0.9550041799662901,0.9597149660054859,0.8804688127157421,0.8762163454412331,0.884737621553999,0.13321729300346055,0.13129030155690086,0.1351733332981166,0.06631810470371632,0.06544945229395636,0.06717205175367338
vit_small_soft_d4_s224_full_focal_nfull_seed0,47808,0.9505940428380187,0.9487115127175368,0.952623514892905,0.9335192356826523,0.9307599986276899,0.9363686084347591,0.9902878612410753,0.9896996908599174,0.9909051217163383,0.9745418671508203,0.9729676726407521,0.9761245353467942,0.9046196091099984,0.9008545734197659,0.9086002336926208,0.05503615524887165,0.053543531781159906,0.05693348259029348,0.03941883767610851,0.03851799604143543,0.040317823118084475
vit_small_soft_d4_s224_full_smooth_nfull_seed0,47808,0.9534805890227577,0.9516602869812584,0.9553845590696118,0.9380906120686849,0.9354969226657393,0.9407627450394996,0.990803624516867,0.990226454289643,0.9913725491175165,0.9759913679056146,0.9745189293936372,0.9774880929958448,0.9104237151603028,0.9069031455200479,0.9141106828802597,0.17248031823058055,0.17072430807545286,0.17425663586678414,0.0675964340196199,0.0668497466905332,0.06831823808006697
vit_small_soft_d4_s224_partial_bce_nfull_seed0,47808,0.9313922356091031,0.9291535935408299,0.9336517946787148,0.9117394449760612,0.9085962236294262,0.9148367126148598,0.9802000402303045,0.9791785020505908,0.981181724469384,0.9502359254877868,0.9477987455402017,0.9525842630313249,0.8688209886418173,0.8643829339062021,0.8731594808105423,0.12643401844585483,0.12443368703148747,0.128487405612034,0.06822206532527322,0.06730851690803974,0.0691326391732866
vit_small_soft_debiased_d4_s224_full_bce_nfull_seed0,47808,0.6895080321285141,0.6855934153279786,0.6935246193105756,0.7871873694084968,0.7844821242323287,0.7898863769526039,0.9368746546522273,0.9348264158509131,0.9389088118397426,0.8542921980344765,0.8494027938367038,0.8595923279347917,0.6249999999999999,0.6196389517682674,0.6303189959061098,0.10023181445806548,0.09670968368464654,0.10477289861662129,0.2237827732731308,0.22120971982766913,0.2262597736513583
vit_small_soft_flip_s224_full_bce_nfull_seed0,47808,0.9438796854082999,0.9418083793507362,0.9460132195448461,0.9463207510803853,0.9440338113734166,0.9486577099956459,0.9899536080178505,0.9893516606998635,0.9905578644953471,0.9736905847653559,0.9720932558546265,0.9752951364739332,0.8984596752828974,0.8946088381782615,0.9023872679045093,0.15018165495307118,0.14829069783870322,0.15214572412661512,0.06783035953979193,0.06700993115800846,0.0686506230980632
vit_small_soft_none_s224_full_bce_nfull_seed0,47808,0.9452602074966533,0.9432312583668006,0.9474146586345381,0.9112961212483703,0.9080604157061346,0.914585519014832,0.9890659896050569,0.9884177419914356,0.989734280115427,0.9717248107885099,0.9700400994200694,0.9734293887078388,0.8890302336428784,0.8849213102077671,0.8931582134138962,0.1296617064090169,0.12768956970276887,0.13155913049379264,0.059684239688377876,0.058839923306073155,0.06047280150900164
vit_small_soft_none_s224_full_bce_nfull_seed0_op,47808,0.9508032128514057,0.948899765729585,0.9528536019076306,0.9429420688332943,0.9404645543584117,0.9455369784109167,0.9905068404947825,0.9899143115632901,0.9911045294481237,0.9750107720972083,0.9734720913266356,0.9765473307702182,0.9076560659599529,0.9040083687578859,0.9114647234081947,0.14871860629600908,0.14697576985004315,0.1505687332464225,0.06297425298308008,0.062187468365733696,0.06374509814776351
vit_small_soft_w_d4_s224_full_bce_nfull_seed0,47808,0.9538989290495314,0.9520582329317269,0.9558442101740294,0.9373106973336276,0.9346299947200867,0.9400932749522778,0.9908806250693508,0.9903068055204547,0.9914600251493676,0.9761868679742862,0.9746566902667417,0.9776809088971102,0.9108630591280433,0.9072674500277714,0.9145431783751251,0.14059922485372334,0.13878902350891145,0.1424035301708529,0.05847675748938623,0.05772248075959426,0.059210549578067644
