run_id,full_accuracy,auc_coverage,coverage_at_95,coverage_at_98,coverage_at_99,arch,dataset,label_mode,policy,size,finetune,loss,train_size,seed,orientation_pooled,pretrained
cnn_deep_hard_d4_s128_full_bce_nfull_seed0,0.9407630522088354,0.9938158432381573,0.9769494645247657,0.8802710843373494,0.8158885542168675,cnn_deep,gz2,hard,d4,128,full,bce,0,0,False,True
cnn_deep_hard_d4_s128_full_bce_nfull_seed1,0.9394661981258366,0.9934397228291602,0.9740629183400268,0.8725108768406962,0.802376171352075,cnn_deep,gz2,hard,d4,128,full,bce,0,1,False,True
cnn_deep_hard_d4_s128_full_bce_nfull_seed2,0.9398636211512718,0.9937201553931457,0.9756526104417671,0.8746862449799196,0.8140269410977242,cnn_deep,gz2,hard,d4,128,full,bce,0,2,False,True
cnn_deep_hard_d4_s128_full_bce_nfull_seed3,0.9403656291834003,0.9937169973410297,0.9773259705488622,0.8759203480589023,0.8147172021419009,cnn_deep,gz2,hard,d4,128,full,bce,0,3,False,True
cnn_deep_hard_d4_s128_full_bce_nfull_seed4,0.9404911311914324,0.993546258154664,0.9751924364123159,0.8739750669344043,0.8090905287817939,cnn_deep,gz2,hard,d4,128,full,bce,0,4,False,True
cnn_deep_reg_hard_d4_s128_full_bce_nfull_seed0,0.9392779451137885,0.9932275468086291,0.9741465863453815,0.8661311914323963,0.8025225903614458,cnn_deep_reg,gz2,hard,d4,128,full,bce,0,0,False,True
cnn_deep_reg_hard_d4_s128_full_bce_nfull_seed1,0.9388805220883534,0.9932170289608041,0.9729543172690763,0.8669469544846051,0.8047607095046854,cnn_deep_reg,gz2,hard,d4,128,full,bce,0,1,False,True
cnn_deep_reg_hard_d4_s128_full_bce_nfull_seed2,0.9399682061579652,0.9934792776052902,0.9751506024096386,0.8712140227576974,0.8041331994645248,cnn_deep_reg,gz2,hard,d4,128,full,bce,0,2,False,True
cnn_deep_reg_hard_d4_s128_full_bce_nfull_seed3,0.9409931392235609,0.9937201622330745,0.9784973226238286,0.8779911311914324,0.8122280789825971,cnn_deep_reg,gz2,hard,d4,128,full,bce,0,3,False,True
cnn_deep_reg_hard_d4_s128_full_bce_nfull_seed4,0.9395080321285141,0.9934397177620437,0.9743975903614458,0.8723644578313253,0.807940093708166,cnn_deep_reg,gz2,hard,d4,128,full,bce,0,4,False,True
cnn_deep_reg_soft_d4_s128_full_bce_nfull_seed0,0.9451765394912985,0.9947123307432736,0.9891231593038822,0.8949339022757697,0.8381024096385542,cnn_deep_reg,gz2,soft,d4,128,full,bce,0,0,False,True
cnn_deep_reg_soft_d4_s128_full_bce_nfull_seed1,0.9454902945113789,0.994616795384016,0.9892277443105756,0.8922983601070951,0.835906124497992,cnn_deep_reg,gz2,soft,d4,128,full,bce,0,1,False,True
cnn_deep_reg_soft_d4_s128_full_bce_nfull_seed2,0.9452183734939759,0.9946135116626844,0.9885584002677377,0.8931977911646586,0.8365127175368139,cnn_deep_reg,gz2,soft,d4,128,full,bce,0,2,False,True
cnn_deep_reg_soft_d4_s128_full_bce_nfull_seed3,0.945281124497992,0.9947395216477419,0.9891859103078983,0.8969628514056225,0.8364499665327979,cnn_deep_reg,gz2,soft,d4,128,full,bce,0,3,False,True
cnn_deep_reg_soft_d4_s128_full_bce_nfull_seed4,0.9443607764390897,0.9946359871405307,0.9867804551539491,0.8950594042838019,0.8397548527443106,cnn_deep_reg,gz2,soft,d4,128,full,bce,0,4,False,True
cnn_deep_soft_d4_s128_full_bce_nfull_seed0,0.9463897255689424,0.9949522387334869,0.9916122824631861,0.9000585676037484,0.8438755020080321,cnn_deep,gz2,soft,d4,128,full,bce,0,0,False,True
cnn_deep_soft_d4_s128_full_bce_nfull_seed1,0.9467453145917001,0.994895256645284,0.9921979585006694,0.9011880856760375,0.842411311914324,cnn_deep,gz2,soft,d4,128,full,bce,0,1,False,True
cnn_deep_soft_d4_s128_full_bce_nfull_seed2,0.9455321285140562,0.9948964273190639,0.9900225903614458,0.9007069946452476,0.8439800870147256,cnn_deep,gz2,soft,d4,128,full,bce,0,2,False,True
cnn_deep_soft_d4_s128_full_bce_nfull_seed3,0.9465779785809906,0.9949271767448953,0.9925326305220884,0.8996402275769746,0.8415955488621151,cnn_deep,gz2,soft,d4,128,full,bce,0,3,False,True
cnn_deep_soft_d4_s128_full_bce_nfull_seed4,0.9465361445783133,0.9948638105359648,0.9919051204819277,0.8981969544846051,0.8404869477911646,cnn_deep,gz2,soft,d4,128,full,bce,0,4,False,True
cnn_small_hard_d4_s128_full_bce_nfull_seed0,0.9327727576974565,0.9917467659833799,0.9568900602409639,0.8408843708165997,0.7749121485943775,cnn_small,gz2,hard,d4,128,full,bce,0,0,False,True
cnn_small_hard_d4_s128_full_bce_nfull_seed1,0.9325845046854083,0.9916729021645148,0.9549866131191432,0.8425158969210174,0.7700594042838019,cnn_small,gz2,hard,d4,128,full,bce,0,1,False,True
cnn_small_hard_d4_s128_full_bce_nfull_seed2,0.9331074297188755,0.9916502807378912,0.9558232931726908,0.8393783467202142,0.7669427710843374,cnn_small,gz2,hard,d4,128,full,bce,0,2,False,True
cnn_small_hard_d4_s128_full_bce_nfull_seed3,0.9330446787148594,0.9920490466995269,0.9572038152610441,0.847640562248996,0.7794093038821954,cnn_small,gz2,hard,d4,128,full,bce,0,3,False,True
cnn_small_hard_d4_s128_full_bce_nfull_seed4,0.9335676037483266,0.9917832836793924,0.9547146921017403,0.840466030789826,0.7762926706827309,cnn_small,gz2,hard,d4,128,full,bce,0,4,False,True
cnn_small_soft_d4_s128_full_bce_nfull_seed0,0.9389641900937081,0.9931960256961336,0.9733935742971888,0.8645833333333334,0.8047397925033467,cnn_small,gz2,soft,d4,128,full,bce,0,0,False,True
cnn_small_soft_d4_s128_full_bce_nfull_seed1,0.9367888219544847,0.9927024573898068,0.9690428380187416,0.860316265060241,0.7898468875502008,cnn_small,gz2,soft,d4,128,full,bce,0,1,False,True
cnn_small_soft_d4_s128_full_bce_nfull_seed2,0.9366424029451138,0.9926524788593563,0.9679760709504686,0.8600652610441767,0.787420515394913,cnn_small,gz2,soft,d4,128,full,bce,0,2,False,True
cnn_small_soft_d4_s128_full_bce_nfull_seed3,0.9378765060240963,0.992934322600346,0.9696075970548862,0.8643950803212851,0.800158969210174,cnn_small,gz2,soft,d4,128,full,bce,0,3,False,True
cnn_small_soft_d4_s128_full_bce_nfull_seed4,0.9369143239625167,0.992856118650483,0.9687290829986613,0.8607764390896921,0.7964357429718876,cnn_small,gz2,soft,d4,128,full,bce,0,4,False,True
cnn_small_soft_d4_s64_full_bce_nfull_seed0,0.9357011378848729,0.9925442309717087,0.9651522757697456,0.857764390896921,0.785475234270415,cnn_small,gz2,soft,d4,64,full,bce,0,0,False,True
cnn_small_soft_d4_s64_full_bce_nfull_seed1,0.9331283467202142,0.9916141994398074,0.9551957831325302,0.8441265060240963,0.7657295850066934,cnn_small,gz2,soft,d4,64,full,bce,0,1,False,True
cnn_small_soft_d4_s96_full_bce_nfull_seed0,0.9377928380187416,0.9930644243292926,0.9701514390896921,0.8652317603748326,0.7985692771084337,cnn_small,gz2,soft,d4,96,full,bce,0,0,False,True
cnn_small_soft_d4_s96_full_bce_nfull_seed1,0.9386504350736279,0.9931238127614559,0.9723686412315931,0.8651062583668006,0.8030036813922357,cnn_small,gz2,soft,d4,96,full,bce,0,1,False,True
convnext_tiny_hard_conf_d4_s224_full_bce_nfull_seed0,0.9457203815261044,0.9946861474734635,0.9892068273092369,0.8994519745649264,0.8433734939759037,convnext_tiny,gz2,hard_conf,d4,224,full,bce,0,0,False,True
convnext_tiny_hard_conf_d4_s224_full_bce_nfull_seed1,0.9486278447121821,0.9948732835092253,0.9965068607764391,0.9018155957161981,0.8361362115127176,convnext_tiny,gz2,hard_conf,d4,224,full,bce,0,1,False,True
convnext_tiny_hard_conf_d4_s224_full_bce_nfull_seed2,0.9436914323962516,0.993779151314425,0.9854417670682731,0.8793925702811245,0.8051581325301205,convnext_tiny,gz2,hard_conf,d4,224,full,bce,0,2,False,True
convnext_tiny_hard_d4_s224_full_bce_nfull_seed0,0.9473519076305221,0.9953359442253138,0.9939968206157965,0.9052878179384204,0.8534764056224899,convnext_tiny,gz2,hard,d4,224,full,bce,0,0,False,True
convnext_tiny_hard_d4_s224_full_bce_nfull_seed1,0.9492553547523427,0.995441081339026,0.9981593038821954,0.9074841030789826,0.8579526439089692,convnext_tiny,gz2,hard,d4,224,full,bce,0,1,False,True
convnext_tiny_hard_d4_s224_full_bce_nfull_seed2,0.949903781793842,0.9956299257927574,0.9997071619812584,0.9128179384203481,0.8585592369477911,convnext_tiny,gz2,hard,d4,224,full,bce,0,2,False,True
convnext_tiny_hard_d4_s224_full_bce_nfull_seed3,0.9471009036144579,0.9954345986678435,0.9935993975903614,0.9082161981258366,0.8605881860776439,convnext_tiny,gz2,hard,d4,224,full,bce,0,3,False,True
convnext_tiny_hard_d4_s224_full_bce_nfull_seed4,0.9474146586345381,0.9950828081588418,0.9935784805890228,0.9061663319946452,0.8499832663989291,convnext_tiny,gz2,hard,d4,224,full,bce,0,4,False,True
convnext_tiny_hard_debiased_d4_s224_full_bce_nfull_seed0,0.691390562248996,0.8253507605412016,0.19959002677376173,0.12644327309236947,0.09870732931726908,convnext_tiny,gz2,hard_debiased,d4,224,full,bce,0,0,False,True
convnext_tiny_hard_debiased_d4_s224_full_bce_nfull_seed1,0.6779200133868809,0.8021366589177699,0.16242051539491298,0.11977074966532798,0.09649012717536815,convnext_tiny,gz2,hard_debiased,d4,224,full,bce,0,1,False,True
convnext_tiny_hard_debiased_d4_s224_full_bce_nfull_seed2,0.6759538152610441,0.7941705940283896,0.16005689424364122,0.11887131860776438,0.08709839357429719,convnext_tiny,gz2,hard_debiased,d4,224,full,bce,0,2,False,True
convnext_tiny_soft_d4_photo_s224_full_bce_nfull_seed0,0.9553422021419009,0.9965557468285398,1.0,0.9327100066934404,0.882843875502008,convnext_tiny,gz2,soft,d4_photo,224,full,bce,0,0,False,True
convnext_tiny_soft_d4_photo_s224_full_bce_nfull_seed1,0.9541708500669344,0.9963375511471821,1.0,0.9259747322623829,0.8738913989290495,convnext_tiny,gz2,soft,d4_photo,224,full,bce,0,1,False,True
convnext_tiny_soft_d4_photo_s224_full_bce_nfull_seed2,0.9546101070950469,0.9965363357320696,1.0,0.9325217536813922,0.8801037483266398,convnext_tiny,gz2,soft,d4_photo,224,full,bce,0,2,False,True
convnext_tiny_soft_d4_s112_full_bce_nfull_seed0,0.953459672021419,0.9962297247593357,1.0,0.9240294511378849,0.8735776439089692,convnext_tiny,gz2,soft,d4,112,full,bce,0,0,False,True
convnext_tiny_soft_d4_s112_full_bce_nfull_seed1,0.9533969210174029,0.9962483348667465,1.0,0.9249497991967871,0.8716323627844712,convnext_tiny,gz2,soft,d4,112,full,bce,0,1,False,True
convnext_tiny_soft_d4_s160_full_bce_nfull_seed0,0.9541499330655957,0.9963241316501008,1.0,0.9249707161981259,0.8773008701472557,convnext_tiny,gz2,soft,d4,160,full,bce,0,0,False,True
convnext_tiny_soft_d4_s160_full_bce_nfull_seed1,0.9531459170013387,0.9962896206022069,1.0,0.9277526773761714,0.8772590361445783,convnext_tiny,gz2,soft,d4,160,full,bce,0,1,False,True
convnext_tiny_soft_d4_s224_frozen_bce_nfull_seed0,0.9023385207496654,0.9825234887407155,0.8647506693440429,0.7200468540829986,0.6179928045515395,convnext_tiny,gz2,soft,d4,224,frozen,bce,0,0,False,True
convnext_tiny_soft_d4_s224_frozen_bce_nfull_seed1,0.9028823627844712,0.9825578319279532,0.8657128514056225,0.7190219210174029,0.6235776439089692,convnext_tiny,gz2,soft,d4,224,frozen,bce,0,1,False,True
convnext_tiny_soft_d4_s224_full_bce_nfull_seed0,0.9545473560910308,0.9964537370441594,1.0,0.9280873493975904,0.8817561914323963,convnext_tiny,gz2,soft,d4,224,full,bce,0,0,False,True
convnext_tiny_soft_d4_s224_full_bce_nfull_seed0_scratch,0.9467034805890228,0.9948219994642837,0.9916541164658634,0.8999330655957162,0.8363035475234271,convnext_tiny,gz2,soft,d4,224,full,bce,0,0,False,False
convnext_tiny_soft_d4_s224_full_bce_nfull_seed1,0.9547774431057564,0.9964053537930737,1.0,0.9282965194109772,0.8764851070950469,convnext_tiny,gz2,soft,d4,224,full,bce,0,1,False,True
convnext_tiny_soft_d4_s224_full_bce_nfull_seed1_scratch,0.9481885876840697,0.9952208849758666,0.9958375167336011,0.9055388219544847,0.8495440093708166,convnext_tiny,gz2,soft,d4,224,full,bce,0,1,False,False
convnext_tiny_soft_d4_s224_full_bce_nfull_seed2,0.9556768741633199,0.9965397223044732,1.0,0.9321034136546185,0.8809404283801874,convnext_tiny,gz2,soft,d4,224,full,bce,0,2,False,True
convnext_tiny_soft_d4_s224_full_bce_nfull_seed2_scratch,0.945343875502008,0.9947527007457492,0.9887675702811245,0.8995774765729585,0.8384579986613119,convnext_tiny,gz2,soft,d4,224,full,bce,0,2,False,False
convnext_tiny_soft_d4_s224_full_bce_nfull_seed3,0.9543172690763052,0.9964163669411398,1.0,0.9287776104417671,0.8788068942436412,convnext_tiny,gz2,soft,d4,224,full,bce,0,3,False,True
convnext_tiny_soft_d4_s224_full_bce_nfull_seed4,0.9547774431057564,0.9963777255462111,1.0,0.9260793172690763,0.877949297188755,convnext_tiny,gz2,soft,d4,224,full,bce,0,4,False,True
convnext_tiny_soft_d4_s224_full_focal_nfull_seed0,0.9536688420348058,0.9962985275215772,1.0,0.9268114123159303,0.877279953145917,convnext_tiny,gz2,soft,d4,224,full,focal,0,0,False,True
convnext_tiny_soft_d4_s224_full_focal_nfull_seed1,0.9542126840696118,0.9963702019499338,1.0,0.9290076974564926,0.8756065930388219,convnext_tiny,gz2,soft,d4,224,full,focal,0,1,False,True
convnext_tiny_soft_d4_s224_full_smooth_nfull_seed0,0.9533132530120482,0.9961421668732032,1.0,0.9252844712182061,0.8710885207496654,convnext_tiny,gz2,soft,d4,224,full,smooth,0,0,False,True
convnext_tiny_soft_d4_s224_full_smooth_nfull_seed1,0.9552794511378849,0.9964139896443489,1.0,0.9285684404283802,0.8769871151271754,convnext_tiny,gz2,soft,d4,224,full,smooth,0,1,False,True
convnext_tiny_soft_d4_s224_partial_bce_nfull_seed0,0.9339859437751004,0.9920326930002564,0.960634203480589,0.8466365461847389,0.7772130187416332,convnext_tiny,gz2,soft,d4,224,partial,bce,0,0,False,True
convnext_tiny_soft_d4_s224_partial_bce_nfull_seed1,0.934885374832664,0.9920211411391164,0.9623703145917001,0.8497740963855421,0.7758534136546185,convnext_tiny,gz2,soft,d4,224,partial,bce,0,1,False,True
convnext_tiny_soft_debiased_d4_s224_full_bce_nfull_seed0,0.7444151606425703,0.8208513431337823,0.11933149263721553,0.08481844042838019,0.05651773761713521,convnext_tiny,gz2,soft_debiased,d4,224,full,bce,0,0,False,True
convnext_tiny_soft_debiased_d4_s224_full_bce_nfull_seed1,0.7095256024096386,0.785972441411711,0.12403781793842035,0.08799782463186077,0.07007195448460508,convnext_tiny,gz2,soft_debiased,d4,224,full,bce,0,1,False,True
convnext_tiny_soft_debiased_d4_s224_full_bce_nfull_seed2,0.6698251338688086,0.7545774914977259,0.1269243641231593,0.09050786479250335,0.07151522757697457,convnext_tiny,gz2,soft_debiased,d4,224,full,bce,0,2,False,True
convnext_tiny_soft_flip_s224_full_bce_nfull_seed0,0.9540453480589023,0.9961896338111814,1.0,0.924824297188755,0.8704191767068273,convnext_tiny,gz2,soft,flip,224,full,bce,0,0,False,True
convnext_tiny_soft_flip_s224_full_bce_nfull_seed1,0.9547774431057564,0.996405394525389,1.0,0.9285893574297188,0.8770917001338688,convnext_tiny,gz2,soft,flip,224,full,bce,0,1,False,True
convnext_tiny_soft_flip_s224_full_bce_nfull_seed2,0.9537106760374833,0.9963175703733202,1.0,0.9258910642570282,0.8777401271753681,convnext_tiny,gz2,soft,flip,224,full,bce,0,2,False,True
convnext_tiny_soft_none_s224_full_bce_nfull_seed0,0.9524974899598394,0.9961425406135819,1.0,0.9233182730923695,0.8723644578313253,convnext_tiny,gz2,soft,none,224,full,bce,0,0,False,True
convnext_tiny_soft_none_s224_full_bce_nfull_seed0_op,0.9542126840696118,0.9964397138124609,1.0,0.9303463855421686,0.8796017402945113,convnext_tiny,gz2,soft,none,224,full,bce,0,0,True,True
convnext_tiny_soft_none_s224_full_bce_nfull_seed1,0.9444444444444444,0.9948091495056368,0.9867177041499331,0.8968791834002677,0.8423694779116466,convnext_tiny,gz2,soft,none,224,full,bce,0,1,False,True
convnext_tiny_soft_none_s224_full_bce_nfull_seed1_op,0.9535015060240963,0.996450044139085,1.0,0.9269787483266398,0.8802501673360107,convnext_tiny,gz2,soft,none,224,full,bce,0,1,True,True
convnext_tiny_soft_none_s224_full_bce_nfull_seed2,0.953125,0.9961912506055643,1.0,0.9248452141900937,0.8734521419009371,convnext_tiny,gz2,soft,none,224,full,bce,0,2,False,True
convnext_tiny_soft_none_s224_full_bce_nfull_seed2_op,0.9531459170013387,0.996303657408709,1.0,0.9239248661311914,0.8782421352074966,convnext_tiny,gz2,soft,none,224,full,bce,0,2,True,True
convnext_tiny_soft_w_d4_s224_full_bce_nfull_seed0,0.9543591030789826,0.9964798685279166,1.0,0.9291122824631861,0.8819862784471219,convnext_tiny,gz2,soft_w,d4,224,full,bce,0,0,False,True
convnext_tiny_soft_w_d4_s224_full_bce_nfull_seed1,0.9549029451137885,0.99643827771398,1.0,0.9295306224899599,0.8769661981258366,convnext_tiny,gz2,soft_w,d4,224,full,bce,0,1,False,True
convnext_tiny_soft_w_d4_s224_full_bce_nfull_seed2,0.9555304551539491,0.9965365376132591,1.0,0.9317269076305221,0.8829693775100401,convnext_tiny,gz2,soft_w,d4,224,full,bce,0,2,False,True
deit3_small_hard_d4_s224_full_bce_nfull_seed0,0.9471427376171352,0.9951085010097456,0.9928045515394913,0.9032588688085676,0.8478078982597055,deit3_small,gz2,hard,d4,224,full,bce,0,0,False,True
deit3_small_hard_d4_s224_full_bce_nfull_seed1,0.9471845716198126,0.9951832459058036,0.9934320615796519,0.9030915327978581,0.8494394243641231,deit3_small,gz2,hard,d4,224,full,bce,0,1,False,True
deit3_small_hard_d4_s224_full_bce_nfull_seed2,0.9470381526104418,0.9952560842298475,0.9936621485943775,0.9045557228915663,0.8487073293172691,deit3_small,gz2,hard,d4,224,full,bce,0,2,False,True
deit3_small_hard_d4_s224_full_bce_nfull_seed3,0.9460968875502008,0.9951749265401488,0.9920724564926372,0.9053924029451138,0.8477242302543507,deit3_small,gz2,hard,d4,224,full,bce,0,3,False,True
deit3_small_hard_d4_s224_full_bce_nfull_seed4,0.9482095046854083,0.9952174004200776,0.9960257697456493,0.9047858099062919,0.8490629183400268,deit3_small,gz2,hard,d4,224,full,bce,0,4,False,True
deit3_small_soft_d4_s224_full_bce_nfull_seed0,0.9538989290495314,0.9961929630386298,1.0,0.9256400602409639,0.8728664658634538,deit3_small,gz2,soft,d4,224,full,bce,0,0,False,True
deit3_small_soft_d4_s224_full_bce_nfull_seed1,0.9530204149933066,0.9961789107652125,1.0,0.9237366131191432,0.8720297858099063,deit3_small,gz2,soft,d4,224,full,bce,0,1,False,True
deit3_small_soft_d4_s224_full_bce_nfull_seed2,0.9535642570281124,0.9962514202798026,1.0,0.9246569611780455,0.8738495649263721,deit3_small,gz2,soft,d4,224,full,bce,0,2,False,True
deit3_small_soft_d4_s224_full_bce_nfull_seed3,0.9531668340026773,0.9961873934547482,1.0,0.9242595381526104,0.8751673360107095,deit3_small,gz2,soft,d4,224,full,bce,0,3,False,True
deit3_small_soft_d4_s224_full_bce_nfull_seed4,0.9518908969210174,0.9960205496372452,1.0,0.9200970548862115,0.8681183065595717,deit3_small,gz2,soft,d4,224,full,bce,0,4,False,True
densenet121_hard_d4_s224_full_bce_nfull_seed0,0.9484186746987951,0.9954098717158093,0.9966532797858099,0.9069402610441767,0.8536019076305221,densenet121,gz2,hard,d4,224,full,bce,0,0,False,True
densenet121_hard_d4_s224_full_bce_nfull_seed1,0.947623828647925,0.995325810402745,0.9947079986613119,0.9060617469879518,0.8507781124497992,densenet121,gz2,hard,d4,224,full,bce,0,1,False,True
densenet121_hard_d4_s224_full_bce_nfull_seed2,0.9487951807228916,0.995405537038586,0.9971762048192772,0.9074004350736279,0.8561328647925034,densenet121,gz2,hard,d4,224,full,bce,0,2,False,True
densenet121_hard_d4_s224_full_bce_nfull_seed3,0.9502593708165997,0.9955414936582627,1.0,0.9113537483266398,0.8561119477911646,densenet121,gz2,hard,d4,224,full,bce,0,3,False,True
densenet121_hard_d4_s224_full_bce_nfull_seed4,0.9482095046854083,0.9953281044597877,0.9957956827309237,0.9078396921017403,0.8520749665327979,densenet121,gz2,hard,d4,224,full,bce,0,4,False,True
densenet121_soft_d4_s224_full_bce_nfull_seed0,0.9537525100401606,0.9963650062685858,1.0,0.9286521084337349,0.8774891231593038,densenet121,gz2,soft,d4,224,full,bce,0,0,False,True
densenet121_soft_d4_s224_full_bce_nfull_seed1,0.9525184069611781,0.9961621137814619,1.0,0.9211010709504686,0.871444109772423,densenet121,gz2,soft,d4,224,full,bce,0,1,False,True
densenet121_soft_d4_s224_full_bce_nfull_seed2,0.9545055220883534,0.9964173123243382,1.0,0.9275225903614458,0.8794971552878179,densenet121,gz2,soft,d4,224,full,bce,0,2,False,True
densenet121_soft_d4_s224_full_bce_nfull_seed3,0.9538780120481928,0.9962568252960955,1.0,0.9243222891566265,0.8770917001338688,densenet121,gz2,soft,d4,224,full,bce,0,3,False,True
densenet121_soft_d4_s224_full_bce_nfull_seed4,0.9540871820615796,0.9963151577751248,1.0,0.9279827643908969,0.8750418340026773,densenet121,gz2,soft,d4,224,full,bce,0,4,False,True
effnetv2_s_hard_d4_s224_full_bce_nfull_seed0,0.9473309906291834,0.9952421803698397,0.9940595716198126,0.9039072958500669,0.8508408634538153,effnetv2_s,gz2,hard,d4,224,full,bce,0,0,False,True
effnetv2_s_hard_d4_s224_full_bce_nfull_seed1,0.9469754016064257,0.9951102612200871,0.9935575635876841,0.9029451137884873,0.8437918340026773,effnetv2_s,gz2,hard,d4,224,full,bce,0,1,False,True
effnetv2_s_hard_d4_s224_full_bce_nfull_seed2,0.9480212516733602,0.9953109371681623,0.995105421686747,0.9032797858099063,0.8498786813922357,effnetv2_s,gz2,hard,d4,224,full,bce,0,2,False,True
effnetv2_s_hard_d4_s224_full_bce_nfull_seed3,0.9445490294511378,0.9949672747928165,0.9880563922356091,0.8976321954484605,0.847033969210174,effnetv2_s,gz2,hard,d4,224,full,bce,0,3,False,True
effnetv2_s_hard_d4_s224_full_bce_nfull_seed4,0.9491926037483266,0.9954273687971962,0.998389390896921,0.9061244979919679,0.8500251004016064,effnetv2_s,gz2,hard,d4,224,full,bce,0,4,False,True
effnetv2_s_soft_d4_s224_full_bce_nfull_seed0,0.9546728580990629,0.9963508428306502,1.0,0.927104250334672,0.8789742302543507,effnetv2_s,gz2,soft,d4,224,full,bce,0,0,False,True
effnetv2_s_soft_d4_s224_full_bce_nfull_seed1,0.9542126840696118,0.996342361502007,1.0,0.9272715863453815,0.8769871151271754,effnetv2_s,gz2,soft,d4,224,full,bce,0,1,False,True
effnetv2_s_soft_d4_s224_full_bce_nfull_seed2,0.952120983935743,0.9960208519297493,1.0,0.9185282797858099,0.8689340696117804,effnetv2_s,gz2,soft,d4,224,full,bce,0,2,False,True
effnetv2_s_soft_d4_s224_full_bce_nfull_seed3,0.9548820281124498,0.9964249283650225,1.0,0.9304300535475234,0.8796226572958501,effnetv2_s,gz2,soft,d4,224,full,bce,0,3,False,True
effnetv2_s_soft_d4_s224_full_bce_nfull_seed4,0.9524765729585006,0.9960881885012507,1.0,0.9190093708165997,0.8725108768406962,effnetv2_s,gz2,soft,d4,224,full,bce,0,4,False,True
fmh_convnext_tiny_hard_none_s224_full_bce_nfull_seed0,0.7080062794348508,0.8501738659453482,0.282574568288854,0.24960753532182103,0.24489795918367346,convnext_tiny,fmh,hard,none,224,full,bce,0,0,False,True
fmh_convnext_tiny_hard_none_s224_full_bce_nfull_seed1,0.7095761381475667,0.7689910726058715,0.0031397174254317113,0.0031397174254317113,0.0031397174254317113,convnext_tiny,fmh,hard,none,224,full,bce,0,1,False,True
fmh_convnext_tiny_hard_none_s224_full_bce_nfull_seed2,0.7111459968602826,0.7753914729907458,0.0,0.0,0.0,convnext_tiny,fmh,hard,none,224,full,bce,0,2,False,True
fmh_resnet50_hard_none_s224_full_bce_nfull_seed0,0.7080062794348508,0.8166413667255272,0.07221350078492936,0.04395604395604396,0.04395604395604396,resnet50,fmh,hard,none,224,full,bce,0,0,False,True
fmh_resnet50_hard_none_s224_full_bce_nfull_seed1,0.7048665620094191,0.7721766510681873,0.015698587127158554,0.015698587127158554,0.015698587127158554,resnet50,fmh,hard,none,224,full,bce,0,1,False,True
fmh_resnet50_hard_none_s224_full_bce_nfull_seed2,0.7158555729984302,0.8000569148632637,0.03610675039246468,0.018838304552590265,0.018838304552590265,resnet50,fmh,hard,none,224,full,bce,0,2,False,True
fmh_vit_small_hard_none_s224_full_bce_nfull_seed0,0.7127158555729984,0.8117888957131492,0.015698587127158554,0.015698587127158554,0.015698587127158554,vit_small,fmh,hard,none,224,full,bce,0,0,False,True
fmh_vit_small_hard_none_s224_full_bce_nfull_seed1,0.7221350078492935,0.8295213427939001,0.08634222919937205,0.04081632653061224,0.04081632653061224,vit_small,fmh,hard,none,224,full,bce,0,1,False,True
fmh_vit_small_hard_none_s224_full_bce_nfull_seed2,0.7158555729984302,0.8223824697106779,0.08948194662480377,0.04866562009419152,0.04866562009419152,vit_small,fmh,hard,none,224,full,bce,0,2,False,True
mobilenetv3_hard_d4_s224_full_bce_nfull_seed0,0.9463060575635877,0.9949845845866884,0.9917168674698795,0.8972556894243642,0.8452560240963856,mobilenetv3,gz2,hard,d4,224,full,bce,0,0,False,True
mobilenetv3_hard_d4_s224_full_bce_nfull_seed1,0.9455739625167336,0.9948581602331334,0.9906710174029452,0.8963562583668006,0.8426413989290495,mobilenetv3,gz2,hard,d4,224,full,bce,0,1,False,True
mobilenetv3_hard_d4_s224_full_bce_nfull_seed2,0.9464106425702812,0.9949354944594003,0.9918214524765729,0.8978204484605087,0.8412399598393574,mobilenetv3,gz2,hard,d4,224,full,bce,0,2,False,True
mobilenetv3_hard_d4_s224_full_bce_nfull_seed3,0.9444653614457831,0.9948254626160205,0.9880145582329317,0.8957705823293173,0.8418674698795181,mobilenetv3,gz2,hard,d4,224,full,bce,0,3,False,True
mobilenetv3_hard_d4_s224_full_bce_nfull_seed4,0.9461387215528781,0.9949636139053267,0.9917168674698795,0.8983852074966533,0.8440637550200804,mobilenetv3,gz2,hard,d4,224,full,bce,0,4,False,True
mobilenetv3_soft_d4_s224_full_bce_nfull_seed0,0.9510751338688086,0.9959346799418805,1.0,0.9204108099062919,0.8645624163319946,mobilenetv3,gz2,soft,d4,224,full,bce,0,0,False,True
mobilenetv3_soft_d4_s224_full_bce_nfull_seed1,0.9519327309236948,0.9959117535538613,1.0,0.9174196787148594,0.8656710174029452,mobilenetv3,gz2,soft,d4,224,full,bce,0,1,False,True
mobilenetv3_soft_d4_s224_full_bce_nfull_seed2,0.9528530789825971,0.9959603573614667,1.0,0.918653781793842,0.8638930722891566,mobilenetv3,gz2,soft,d4,224,full,bce,0,2,False,True
mobilenetv3_soft_d4_s224_full_bce_nfull_seed3,0.9523092369477911,0.9957706330956511,1.0,0.9199924698795181,0.865210843373494,mobilenetv3,gz2,soft,d4,224,full,bce,0,3,False,True
mobilenetv3_soft_d4_s224_full_bce_nfull_seed4,0.952790327978581,0.9959918957291662,1.0,0.9168340026773761,0.8669260374832664,mobilenetv3,gz2,soft,d4,224,full,bce,0,4,False,True
resnet50_hard_conf_d4_s224_full_bce_nfull_seed0,0.9441725234270415,0.9940457971116676,0.9859437751004017,0.8874456157965194,0.8257195448460509,resnet50,gz2,hard_conf,d4,224,full,bce,0,0,False,True
resnet50_hard_conf_d4_s224_full_bce_nfull_seed1,0.9446117804551539,0.9941563533883508,0.9874916331994645,0.8913361780455153,0.8304886211512718,resnet50,gz2,hard_conf,d4,224,full,bce,0,1,False,True
resnet50_hard_conf_d4_s224_full_bce_nfull_seed2,0.9404911311914324,0.9935553027384334,0.9768448795180723,0.8797063253012049,0.8149263721552878,resnet50,gz2,hard_conf,d4,224,full,bce,0,2,False,True
resnet50_hard_d4_s224_full_bce_n10000_seed0,0.9144703815261044,0.9859892350094557,0.8982387884872824,0.7585132195448461,0.6703898929049531,resnet50,gz2,hard,d4,224,full,bce,10000,0,False,True
resnet50_hard_d4_s224_full_bce_n10000_seed1,0.925096218206158,0.9894042449781806,0.9363495649263721,0.8130647590361446,0.7305262717536813,resnet50,gz2,hard,d4,224,full,bce,10000,1,False,True
resnet50_hard_d4_s224_full_bce_n2000_seed0,0.8995983935742972,0.977257912359291,0.8447958500669344,0.6520456827309237,0.4760081994645248,resnet50,gz2,hard,d4,224,full,bce,2000,0,False,True
resnet50_hard_d4_s224_full_bce_n2000_seed1,0.8920891900937081,0.9759681311391696,0.8163487282463187,0.6328020414993306,0.49849397590361444,resnet50,gz2,hard,d4,224,full,bce,2000,1,False,True
resnet50_hard_d4_s224_full_bce_n25000_seed0,0.9359521419009371,0.9927446367448153,0.9673694779116466,0.861989625167336,0.7964775769745649,resnet50,gz2,hard,d4,224,full,bce,25000,0,False,True
resnet50_hard_d4_s224_full_bce_n25000_seed1,0.9354292168674698,0.9924203342105543,0.9644829317269076,0.8577016398929049,0.7846176372155288,resnet50,gz2,hard,d4,224,full,bce,25000,1,False,True
resnet50_hard_d4_s224_full_bce_n50000_seed0,0.9419134872824632,0.9939964294339629,0.9806099397590361,0.8814006024096386,0.8204066265060241,resnet50,gz2,hard,d4,224,full,bce,50000,0,False,True
resnet50_hard_d4_s224_full_bce_n50000_seed1,0.9412441432396251,0.9936978775486558,0.9789365796519411,0.8790788152610441,0.8140269410977242,resnet50,gz2,hard,d4,224,full,bce,50000,1,False,True
resnet50_hard_d4_s224_full_bce_n5000_seed0,0.9165620816599732,0.9856379503118622,0.9041792168674698,0.7621736947791165,0.6686746987951807,resnet50,gz2,hard,d4,224,full,bce,5000,0,False,True
resnet50_hard_d4_s224_full_bce_n5000_seed1,0.9155580655957162,0.9847935651768254,0.9060408299866132,0.7600401606425703,0.6465445113788487,resnet50,gz2,hard,d4,224,full,bce,5000,1,False,True
resnet50_hard_d4_s224_full_bce_nfull_seed0,0.9474774096385542,0.9953163071083676,0.9944569946452476,0.9064382530120482,0.8503597724230254,resnet50,gz2,hard,d4,224,full,bce,0,0,False,True
resnet50_hard_d4_s224_full_bce_nfull_seed1,0.9471009036144579,0.9952080046626044,0.9932438085676037,0.901690093708166,0.8484354082998661,resnet50,gz2,hard,d4,224,full,bce,0,1,False,True
resnet50_hard_d4_s224_full_bce_nfull_seed2,0.9486696787148594,0.995309046302082,0.9966323627844712,0.9054551539491299,0.8538319946452476,resnet50,gz2,hard,d4,224,full,bce,0,2,False,True
resnet50_hard_d4_s224_full_bce_nfull_seed3,0.9471845716198126,0.9951909852055973,0.9937667336010709,0.9032797858099063,0.8522213855421686,resnet50,gz2,hard,d4,224,full,bce,0,3,False,True
resnet50_hard_d4_s224_full_bce_nfull_seed4,0.9491089357429718,0.995457918778339,0.9979710508701473,0.9108935742971888,0.8545222556894244,resnet50,gz2,hard,d4,224,full,bce,0,4,False,True
resnet50_hard_debiased_d4_s224_full_bce_nfull_seed0,0.6862031459170014,0.8050196382289402,0.152024765729585,0.1060282797858099,0.07858517402945114,resnet50,gz2,hard_debiased,d4,224,full,bce,0,0,False,True
resnet50_hard_debiased_d4_s224_full_bce_nfull_seed1,0.6810366465863453,0.7920468145494709,0.1371318607764391,0.09113537483266398,0.06632781124497993,resnet50,gz2,hard_debiased,d4,224,full,bce,0,1,False,True
resnet50_hard_debiased_d4_s224_full_bce_nfull_seed2,0.7061370481927711,0.8059216685109245,0.136065093708166,0.07484103078982597,0.04411395582329317,resnet50,gz2,hard_debiased,d4,224,full,bce,0,2,False,True
resnet50_soft_d4_photo_s224_full_bce_nfull_seed0,0.9541917670682731,0.9964147727793522,1.0,0.9277526773761714,0.8794762382864793,resnet50,gz2,soft,d4_photo,224,full,bce,0,0,False,True
resnet50_soft_d4_photo_s224_full_bce_nfull_seed1,0.9547983601070951,0.9964478808760984,1.0,0.9293005354752343,0.8809404283801874,resnet50,gz2,soft,d4_photo,224,full,bce,0,1,False,True
resnet50_soft_d4_photo_s224_full_bce_nfull_seed2,0.9543800200803213,0.9963996208893348,1.0,0.9277317603748326,0.8791834002677377,resnet50,gz2,soft,d4_photo,224,full,bce,0,2,False,True
resnet50_soft_d4_s112_full_bce_nfull_seed0,0.952183734939759,0.995959420340185,1.0,0.9207454819277109,0.8684529785809906,resnet50,gz2,soft,d4,112,full,bce,0,0,False,True
resnet50_soft_d4_s112_full_bce_nfull_seed1,0.9528949129852744,0.9959740301940427,1.0,0.9214775769745649,0.8673025435073628,resnet50,gz2,soft,d4,112,full,bce,0,1,False,True
resnet50_soft_d4_s160_full_bce_nfull_seed0,0.9520373159303882,0.995969459202322,1.0,0.9188420348058902,0.869498828647925,resnet50,gz2,soft,d4,160,full,bce,0,0,False,True
resnet50_soft_d4_s160_full_bce_nfull_seed1,0.9522255689424364,0.9960981078334221,1.0,0.9227535140562249,0.8700426706827309,resnet50,gz2,soft,d4,160,full,bce,0,1,False,True
resnet50_soft_d4_s224_frozen_bce_nfull_seed0,0.8510918674698795,0.9546643056742454,0.6453940763052208,0.3885542168674699,0.2597054886211513,resnet50,gz2,soft,d4,224,frozen,bce,0,0,False,True
resnet50_soft_d4_s224_frozen_bce_nfull_seed1,0.8518030455153949,0.9547913685379823,0.6333877175368139,0.4094503012048193,0.25696536144578314,resnet50,gz2,soft,d4,224,frozen,bce,0,1,False,True
resnet50_soft_d4_s224_full_bce_n10000_seed0,0.9318314926372155,0.9913833167471592,0.9542754350736279,0.8360525435073628,0.7692854752342704,resnet50,gz2,soft,d4,224,full,bce,10000,0,False,True
resnet50_soft_d4_s224_full_bce_n10000_seed1,0.9338604417670683,0.9916641254734053,0.9571828982597055,0.8466365461847389,0.7674029451137885,resnet50,gz2,soft,d4,224,full,bce,10000,1,False,True
resnet50_soft_d4_s224_full_bce_n2000_seed0,0.9034680388219545,0.9808314415589758,0.8588520749665328,0.6966616465863453,0.5847975234270415,resnet50,gz2,soft,d4,224,full,bce,2000,0,False,True
resnet50_soft_d4_s224_full_bce_n2000_seed1,0.8994938085676037,0.9796978600752034,0.8425786479250335,0.679990796519411,0.5690679384203481,resnet50,gz2,soft,d4,224,full,bce,2000,1,False,True
resnet50_soft_d4_s224_full_bce_n25000_seed0,0.9429175033467202,0.9940198039986783,0.9835801539491299,0.8822581994645248,0.8186286813922357,resnet50,gz2,soft,d4,224,full,bce,25000,0,False,True
resnet50_soft_d4_s224_full_bce_n25000_seed1,0.9421644912985274,0.9941734578718766,0.9813002008032129,0.888345046854083,0.8292126840696118,resnet50,gz2,soft,d4,224,full,bce,25000,1,False,True
resnet50_soft_d4_s224_full_bce_n50000_seed0,0.9470381526104418,0.9950926095477614,0.9927418005354752,0.9038236278447122,0.8483726572958501,resnet50,gz2,soft,d4,224,full,bce,50000,0,False,True
resnet50_soft_d4_s224_full_bce_n50000_seed1,0.9469335676037484,0.9949888953833916,0.9925326305220884,0.9008743306559571,0.8417001338688086,resnet50,gz2,soft,d4,224,full,bce,50000,1,False,True
resnet50_soft_d4_s224_full_bce_n5000_seed0,0.9206199799196787,0.9878587630109116,0.9227744310575636,0.7894494645247657,0.696619812583668,resnet50,gz2,soft,d4,224,full,bce,5000,0,False,True
resnet50_soft_d4_s224_full_bce_n5000_seed1,0.9219586680053548,0.9883468581156063,0.9263303212851406,0.7953898929049531,0.7034387550200804,resnet50,gz2,soft,d4,224,full,bce,5000,1,False,True
resnet50_soft_d4_s224_full_bce_nfull_seed0,0.9530413319946452,0.9962002463262879,1.0,0.9245942101740294,0.8739750669344043,resnet50,gz2,soft,d4,224,full,bce,0,0,False,True
resnet50_soft_d4_s224_full_bce_nfull_seed0_scratch,0.9498201137884873,0.9954861852163932,0.9996862449799196,0.9094084672021419,0.8577853078982597,resnet50,gz2,soft,d4,224,full,bce,0,0,False,False
resnet50_soft_d4_s224_full_bce_nfull_seed1,0.9536688420348058,0.996311854850295,1.0,0.9267277443105756,0.8762341030789826,resnet50,gz2,soft,d4,224,full,bce,0,1,False,True
resnet50_soft_d4_s224_full_bce_nfull_seed1_scratch,0.9485441767068273,0.9954123259873112,0.9967996987951807,0.9078396921017403,0.853539156626506,resnet50,gz2,soft,d4,224,full,bce,0,1,False,False
resnet50_soft_d4_s224_full_bce_nfull_seed2,0.9529576639892905,0.9961774075646186,1.0,0.9256818942436412,0.8708375167336011,resnet50,gz2,soft,d4,224,full,bce,0,2,False,True
resnet50_soft_d4_s224_full_bce_nfull_seed2_scratch,0.948230421686747,0.9953613410715688,0.9959630187416332,0.9092411311914324,0.854145749665328,resnet50,gz2,soft,d4,224,full,bce,0,2,False,False
resnet50_soft_d4_s224_full_bce_nfull_seed3,0.9520373159303882,0.9960634426876782,1.0,0.9197623828647925,0.8724062918340026,resnet50,gz2,soft,d4,224,full,bce,0,3,False,True
resnet50_soft_d4_s224_full_bce_nfull_seed4,0.9533550870147256,0.9962213456935864,1.0,0.9231718540829986,0.8724062918340026,resnet50,gz2,soft,d4,224,full,bce,0,4,False,True
resnet50_soft_d4_s224_full_focal_nfull_seed0,0.9518281459170014,0.9959175317601866,1.0,0.9145749665327979,0.8665704484605087,resnet50,gz2,soft,d4,224,full,focal,0,0,False,True
resnet50_soft_d4_s224_full_focal_nfull_seed1,0.9524765729585006,0.9960832059628029,1.0,0.9209546519410977,0.8728037148594378,resnet50,gz2,soft,d4,224,full,focal,0,1,False,True
resnet50_soft_d4_s224_full_smooth_nfull_seed0,0.9523510709504686,0.9961758607076627,1.0,0.9234019410977242,0.8753974230254351,resnet50,gz2,soft,d4,224,full,smooth,0,0,False,True
resnet50_soft_d4_s224_full_smooth_nfull_seed1,0.9532714190093708,0.9962722309451871,1.0,0.9254099732262383,0.8753137550200804,resnet50,gz2,soft,d4,224,full,smooth,0,1,False,True
resnet50_soft_d4_s224_partial_bce_nfull_seed0,0.9138637884872824,0.9858417748427237,0.8978622824631861,0.7546644912985274,0.6542628848728246,resnet50,gz2,soft,d4,224,partial,bce,0,0,False,True
resnet50_soft_d4_s224_partial_bce_nfull_seed1,0.9139056224899599,0.9860812672975992,0.8992009705488622,0.7619645247657296,0.6606634872824632,resnet50,gz2,soft,d4,224,partial,bce,0,1,False,True
resnet50_soft_debiased_d4_s224_full_bce_nfull_seed0,0.7001966198125836,0.7875088969112047,0.1148134203480589,0.07871067603748326,0.0658258032128514,resnet50,gz2,soft_debiased,d4,224,full,bce,0,0,False,True
resnet50_soft_debiased_d4_s224_full_bce_nfull_seed1,0.7131442436412316,0.7973096504740242,0.11922690763052209,0.08161813922356091,0.05678965863453815,resnet50,gz2,soft_debiased,d4,224,full,bce,0,1,False,True
resnet50_soft_debiased_d4_s224_full_bce_nfull_seed2,0.721699297188755,0.8063163806627465,0.11303547523427042,0.07555220883534136,0.055660140562248994,resnet50,gz2,soft_debiased,d4,224,full,bce,0,2,False,True
resnet50_soft_flip_s224_full_bce_nfull_seed0,0.9497573627844712,0.9953858286302621,0.9992888219544847,0.9095967202141901,0.8591030789825971,resnet50,gz2,soft,flip,224,full,bce,0,0,False,True
resnet50_soft_flip_s224_full_bce_nfull_seed1,0.9510751338688086,0.996017743563031,1.0,0.9196159638554217,0.8710466867469879,resnet50,gz2,soft,flip,224,full,bce,0,1,False,True
resnet50_soft_flip_s224_full_bce_nfull_seed2,0.9518281459170014,0.9958773396611923,1.0,0.9151397255689424,0.8651271753681392,resnet50,gz2,soft,flip,224,full,bce,0,2,False,True
resnet50_soft_none_s224_full_bce_nfull_seed0,0.9441934404283802,0.9940431886288625,0.985713688085676,0.8829484605087015,0.8195699464524766,resnet50,gz2,soft,none,224,full,bce,0,0,False,True
resnet50_soft_none_s224_full_bce_nfull_seed0_op,0.9526229919678715,0.9962503850372132,1.0,0.9246778781793842,0.8744352409638554,resnet50,gz2,soft,none,224,full,bce,0,0,True,True
resnet50_soft_none_s224_full_bce_nfull_seed1,0.9425200803212851,0.99400396001095,0.9819904618473896,0.8839524765729585,0.8179384203480589,resnet50,gz2,soft,none,224,full,bce,0,1,False,True
resnet50_soft_none_s224_full_bce_nfull_seed1_op,0.9543800200803213,0.9955677258142857,1.0,0.9246569611780455,0.8744352409638554,resnet50,gz2,soft,none,224,full,bce,0,1,True,True
resnet50_soft_none_s224_full_bce_nfull_seed2,0.9478748326639893,0.9952229406067057,0.9953982597054887,0.9044929718875502,0.8495649263721553,resnet50,gz2,soft,none,224,full,bce,0,2,False,True
resnet50_soft_none_s224_full_bce_nfull_seed2_op,0.9509077978580991,0.9957547834224207,1.0,0.9160182396251674,0.8620314591700133,resnet50,gz2,soft,none,224,full,bce,0,2,True,True
resnet50_soft_w_d4_s224_full_bce_nfull_seed0,0.9529367469879518,0.9962298915828258,1.0,0.9240712851405622,0.8753765060240963,resnet50,gz2,soft_w,d4,224,full,bce,0,0,False,True
resnet50_soft_w_d4_s224_full_bce_nfull_seed1,0.9537734270414994,0.9962414050344457,1.0,0.9263303212851406,0.8729919678714859,resnet50,gz2,soft_w,d4,224,full,bce,0,1,False,True
resnet50_soft_w_d4_s224_full_bce_nfull_seed2,0.9527694109772423,0.996218561533509,1.0,0.9256400602409639,0.873995983935743,resnet50,gz2,soft_w,d4,224,full,bce,0,2,False,True
swin_tiny_hard_d4_s224_full_bce_nfull_seed0,0.9473728246318608,0.9952704389028619,0.9937039825970548,0.9064800870147256,0.8495230923694779,swin_tiny,gz2,hard,d4,224,full,bce,0,0,False,True
swin_tiny_hard_d4_s224_full_bce_nfull_seed1,0.9473100736278447,0.9951191184750335,0.9937876506024096,0.9044302208835341,0.8462600401606426,swin_tiny,gz2,hard,d4,224,full,bce,0,1,False,True
swin_tiny_hard_d4_s224_full_bce_nfull_seed2,0.9480630856760375,0.995300388706157,0.9958584337349398,0.9057479919678715,0.8521586345381527,swin_tiny,gz2,hard,d4,224,full,bce,0,2,False,True
swin_tiny_hard_d4_s224_full_bce_nfull_seed3,0.9481885876840697,0.9953333742722297,0.9955655957161981,0.9073376840696118,0.8478706492637216,swin_tiny,gz2,hard,d4,224,full,bce,0,3,False,True
swin_tiny_hard_d4_s224_full_bce_nfull_seed4,0.9473519076305221,0.9952861495142323,0.9941014056224899,0.9063545850066934,0.8513637884872824,swin_tiny,gz2,hard,d4,224,full,bce,0,4,False,True
swin_tiny_soft_d4_s224_full_bce_nfull_seed0,0.9538570950468541,0.9962853819213673,1.0,0.9262466532797858,0.8773008701472557,swin_tiny,gz2,soft,d4,224,full,bce,0,0,False,True
swin_tiny_soft_d4_s224_full_bce_nfull_seed1,0.9543591030789826,0.996290607735089,1.0,0.9269578313253012,0.8761504350736279,swin_tiny,gz2,soft,d4,224,full,bce,0,1,False,True
swin_tiny_soft_d4_s224_full_bce_nfull_seed2,0.9539616800535475,0.996278937204921,1.0,0.9259328982597055,0.8758785140562249,swin_tiny,gz2,soft,d4,224,full,bce,0,2,False,True
swin_tiny_soft_d4_s224_full_bce_nfull_seed3,0.9524347389558233,0.9960866658282712,1.0,0.922879016064257,0.8699590026773761,swin_tiny,gz2,soft,d4,224,full,bce,0,3,False,True
swin_tiny_soft_d4_s224_full_bce_nfull_seed4,0.9538989290495314,0.9962333046199232,1.0,0.9279409303882196,0.8726154618473896,swin_tiny,gz2,soft,d4,224,full,bce,0,4,False,True
vit_base_hard_d4_s224_full_bce_nfull_seed0,0.9463478915662651,0.994960742692405,0.9921142904953146,0.8998703145917001,0.8423694779116466,vit_base,gz2,hard,d4,224,full,bce,0,0,False,True
vit_base_hard_d4_s224_full_bce_nfull_seed1,0.9454275435073628,0.9947404371240438,0.989876171352075,0.8944109772423026,0.8381024096385542,vit_base,gz2,hard,d4,224,full,bce,0,1,False,True
vit_base_hard_d4_s224_full_bce_nfull_seed2,0.9462014725568942,0.9948794276172994,0.9910893574297188,0.8985316265060241,0.8423903949129853,vit_base,gz2,hard,d4,224,full,bce,0,2,False,True
vit_base_hard_d4_s224_full_bce_nfull_seed3,0.9445908634538153,0.9948426911724804,0.9877426372155288,0.8980087014725568,0.8432479919678715,vit_base,gz2,hard,d4,224,full,bce,0,3,False,True
vit_base_hard_d4_s224_full_bce_nfull_seed4,0.9444862784471219,0.9949115033172884,0.9866340361445783,0.8992637215528781,0.8441055890227577,vit_base,gz2,hard,d4,224,full,bce,0,4,False,True
vit_base_soft_d4_s224_full_bce_nfull_seed0,0.9523510709504686,0.9959753291056362,1.0,0.9196787148594378,0.867156124497992,vit_base,gz2,soft,d4,224,full,bce,0,0,False,True
vit_base_soft_d4_s224_full_bce_nfull_seed1,0.9522464859437751,0.996046896978172,1.0,0.9177961847389559,0.8695406626506024,vit_base,gz2,soft,d4,224,full,bce,0,1,False,True
vit_base_soft_d4_s224_full_bce_nfull_seed2,0.9505312918340026,0.9957202848575943,1.0,0.9151397255689424,0.8565721218206158,vit_base,gz2,soft,d4,224,full,bce,0,2,False,True
vit_base_soft_d4_s224_full_bce_nfull_seed3,0.9526020749665328,0.9960714165325348,1.0,0.9208082329317269,0.8667587014725568,vit_base,gz2,soft,d4,224,full,bce,0,3,False,True
vit_base_soft_d4_s224_full_bce_nfull_seed4,0.9518281459170014,0.996075313146978,1.0,0.92059906291834,0.8699799196787149,vit_base,gz2,soft,d4,224,full,bce,0,4,False,True
vit_small_hard_conf_d4_s224_full_bce_nfull_seed0,0.9422481593038822,0.9935882322146786,0.9809446117804551,0.8788068942436412,0.8170808232931727,vit_small,gz2,hard_conf,d4,224,full,bce,0,0,False,True
vit_small_hard_conf_d4_s224_full_bce_nfull_seed1,0.9412441432396251,0.99394302984036,0.9797523427041499,0.8837433065595717,0.8221636546184738,vit_small,gz2,hard_conf,d4,224,full,bce,0,1,False,True
vit_small_hard_conf_d4_s224_full_bce_nfull_seed2,0.9344879518072289,0.9927838026838072,0.9637926706827309,0.8607555220883534,0.799154953145917,vit_small,gz2,hard_conf,d4,224,full,bce,0,2,False,True
vit_small_hard_d4_s224_full_bce_n10000_seed0,0.9277317603748326,0.9905735671486677,0.9428338353413654,0.8259496318607764,0.7498117469879518,vit_small,gz2,hard,d4,224,full,bce,10000,0,False,True
vit_small_hard_d4_s224_full_bce_n10000_seed1,0.9222724230254351,0.9894541880715809,0.9272925033467202,0.8077518406961178,0.7364667001338688,vit_small,gz2,hard,d4,224,full,bce,10000,1,False,True
vit_small_hard_d4_s224_full_bce_n2000_seed0,0.9200343038821954,0.9873400853511944,0.9191139558232931,0.7844084672021419,0.6807438085676037,vit_small,gz2,hard,d4,224,full,bce,2000,0,False,True
vit_small_hard_d4_s224_full_bce_n2000_seed1,0.9168130856760375,0.9873657666294419,0.9071075970548862,0.7792628848728246,0.695615796519411,vit_small,gz2,hard,d4,224,full,bce,2000,1,False,True
vit_small_hard_d4_s224_full_bce_n25000_seed0,0.928714859437751,0.9908964571846155,0.947895749665328,0.8304886211512718,0.7605421686746988,vit_small,gz2,hard,d4,224,full,bce,25000,0,False,True
vit_small_hard_d4_s224_full_bce_n25000_seed1,0.9230045180722891,0.9900375255557455,0.9321034136546185,0.8141524431057564,0.746444109772423,vit_small,gz2,hard,d4,224,full,bce,25000,1,False,True
vit_small_hard_d4_s224_full_bce_n50000_seed0,0.9418298192771084,0.9936980284376304,0.9801079317269076,0.8794344042838019,0.8131065930388219,vit_small,gz2,hard,d4,224,full,bce,50000,0,False,True
vit_small_hard_d4_s224_full_bce_n50000_seed1,0.943063922356091,0.9940285482968689,0.9825552208835341,0.8820281124497992,0.8187332663989291,vit_small,gz2,hard,d4,224,full,bce,50000,1,False,True
vit_small_hard_d4_s224_full_bce_n5000_seed0,0.9249916331994645,0.9894599210518116,0.9337558567603749,0.811161311914324,0.7270540495314591,vit_small,gz2,hard,d4,224,full,bce,5000,0,False,True
vit_small_hard_d4_s224_full_bce_n5000_seed1,0.9257237282463187,0.99011092354849,0.9375418340026773,0.8202602074966533,0.7482429718875502,vit_small,gz2,hard,d4,224,full,bce,5000,1,False,True
vit_small_hard_d4_s224_full_bce_nfull_seed0,0.945615796519411,0.9949458188231759,0.9898134203480589,0.9003095716198126,0.8452769410977242,vit_small,gz2,hard,d4,224,full,bce,0,0,False,True
vit_small_hard_d4_s224_full_bce_nfull_seed1,0.9449673694779116,0.9947796247899738,0.9881609772423026,0.8970046854082999,0.8379978246318608,vit_small,gz2,hard,d4,224,full,bce,0,1,False,True
vit_small_hard_d4_s224_full_bce_nfull_seed2,0.9460968875502008,0.9950306992730805,0.9916122824631861,0.8998075635876841,0.8451932730923695,vit_small,gz2,hard,d4,224,full,bce,0,2,False,True
vit_small_hard_d4_s224_full_bce_nfull_seed3,0.9440888554216867,0.9945989151795235,0.9864876171352075,0.8917754350736279,0.8311161311914324,vit_small,gz2,hard,d4,224,full,bce,0,3,False,True
vit_small_hard_d4_s224_full_bce_nfull_seed4,0.9466825635876841,0.9949711287148787,0.9919678714859438,0.8991173025435074,0.8432061579651942,vit_small,gz2,hard,d4,224,full,bce,0,4,False,True
vit_small_hard_debiased_d4_s224_full_bce_nfull_seed0,0.6727535140562249,0.7841380900352477,0.15081157965194109,0.06611864123159304,0.00018825301204819278,vit_small,gz2,hard_debiased,d4,224,full,bce,0,0,False,True
vit_small_hard_debiased_d4_s224_full_bce_nfull_seed1,0.6986069277108434,0.7975441804005473,0.11073460508701473,0.025644243641231593,0.0077811244979919675,vit_small,gz2,hard_debiased,d4,224,full,bce,0,1,False,True
vit_small_hard_debiased_d4_s224_full_bce_nfull_seed2,0.7090445113788487,0.8219634114838429,0.17365294511378848,0.11625669344042838,0.09096803882195448,vit_small,gz2,hard_debiased,d4,224,full,bce,0,2,False,True
vit_small_soft_d4_photo_s224_full_bce_nfull_seed0,0.9531668340026773,0.9961236358927563,1.0,0.9220005020080321,0.8699171686746988,vit_small,gz2,soft,d4_photo,224,full,bce,0,0,False,True
vit_small_soft_d4_photo_s224_full_bce_nfull_seed1,0.9555513721552878,0.9963914454605338,1.0,0.9281501004016064,0.8769034471218207,vit_small,gz2,soft,d4_photo,224,full,bce,0,1,False,True
vit_small_soft_d4_photo_s224_full_bce_nfull_seed2,0.9538780120481928,0.9963420778827187,1.0,0.9266649933065596,0.8772381191432396,vit_small,gz2,soft,d4_photo,224,full,bce,0,2,False,True
vit_small_soft_d4_s112_full_bce_nfull_seed0,0.946619812583668,0.994884689834058,0.9920097054886211,0.8995147255689424,0.8403614457831325,vit_small,gz2,soft,d4,112,full,bce,0,0,False,True
vit_small_soft_d4_s112_full_bce_nfull_seed1,0.9476656626506024,0.9950388119047731,0.9944779116465864,0.9019829317269076,0.8467620481927711,vit_small,gz2,soft,d4,112,full,bce,0,1,False,True
vit_small_soft_d4_s160_full_bce_nfull_seed0,0.9503848728246319,0.9955550204469736,1.0,0.9110609103078983,0.8599815930388219,vit_small,gz2,soft,d4,160,full,bce,0,0,False,True
vit_small_soft_d4_s160_full_bce_nfull_seed1,0.9500083668005355,0.9956398616134472,1.0,0.9108935742971888,0.8573042168674698,vit_small,gz2,soft,d4,160,full,bce,0,1,False,True
vit_small_soft_d4_s224_frozen_bce_nfull_seed0,0.9037817938420348,0.9826466711474757,0.869498828647925,0.7193356760374833,0.6207329317269076,vit_small,gz2,soft,d4,224,frozen,bce,0,0,False,True
vit_small_soft_d4_s224_frozen_bce_nfull_seed1,0.9029241967871486,0.9826123963505479,0.868494812583668,0.7202141900937081,0.6241633199464525,vit_small,gz2,soft,d4,224,frozen,bce,0,1,False,True
vit_small_soft_d4_s224_full_bce_n10000_seed0,0.939110609103079,0.9934392999322749,0.973979250334672,0.8753974230254351,0.8133575970548862,vit_small,gz2,soft,d4,224,full,bce,10000,0,False,True
vit_small_soft_d4_s224_full_bce_n10000_seed1,0.9398008701472557,0.9936574286405636,0.9761546184738956,0.8779702141900937,0.8153447121820616,vit_small,gz2,soft,d4,224,full,bce,10000,1,False,True
vit_small_soft_d4_s224_full_bce_n2000_seed0,0.9284220214190094,0.9908117658986428,0.9432521753681392,0.832684906291834,0.7636169678714859,vit_small,gz2,soft,d4,224,full,bce,2000,0,False,True
vit_small_soft_d4_s224_full_bce_n2000_seed1,0.9275225903614458,0.9905966071149898,0.9441097724230254,0.8279158299866132,0.7572581994645248,vit_small,gz2,soft,d4,224,full,bce,2000,1,False,True
vit_small_soft_d4_s224_full_bce_n25000_seed0,0.9459923025435074,0.9946978451892318,0.9907337684069611,0.8943691432396251,0.8401522757697456,vit_small,gz2,soft,d4,224,full,bce,25000,0,False,True
vit_small_soft_d4_s224_full_bce_n25000_seed1,0.9433985943775101,0.9944767421263537,0.9860901941097724,0.8929467871485943,0.8341072623828648,vit_small,gz2,soft,d4,224,full,bce,25000,1,False,True
vit_small_soft_d4_s224_full_bce_n50000_seed0,0.9464524765729585,0.994990995516211,0.9925744645247657,0.9018365127175368,0.8376422356091031,vit_small,gz2,soft,d4,224,full,bce,50000,0,False,True
vit_small_soft_d4_s224_full_bce_n50000_seed1,0.9451347054886211,0.9946165761248794,0.9887884872824632,0.8928212851405622,0.8356760374832664,vit_small,gz2,soft,d4,224,full,bce,50000,1,False,True
vit_small_soft_d4_s224_full_bce_n5000_seed0,0.9343415327978581,0.99236184710509,0.9605087014725568,0.8553798527443106,0.7901397255689424,vit_small,gz2,soft,d4,224,full,bce,5000,0,False,True
vit_small_soft_d4_s224_full_bce_n5000_seed1,0.9349899598393574,0.9924950565092661,0.9628304886211513,0.8592076639892905,0.7942394578313253,vit_small,gz2,soft,d4,224,full,bce,5000,1,False,True
vit_small_soft_d4_s224_full_bce_nfull_seed0,0.9530413319946452,0.9961899812451336,1.0,0.922816265060241,0.8724272088353414,vit_small,gz2,soft,d4,224,full,bce,0,0,False,True
vit_small_soft_d4_s224_full_bce_nfull_seed0_scratch,0.9377091700133868,0.9929183091603297,0.9719293842034806,0.8625543842034806,0.7887173694779116,vit_small,gz2,soft,d4,224,full,bce,0,0,False,False
vit_small_soft_d4_s224_full_bce_nfull_seed1,0.952455655957162,0.9960933045473825,1.0,0.9212265729585006,0.8691014056224899,vit_small,gz2,soft,d4,224,full,bce,0,1,False,True
vit_small_soft_d4_s224_full_bce_nfull_seed1_scratch,0.9377719210174029,0.992944898849565,0.9717620481927711,0.8649807563587684,0.7971260040160643,vit_small,gz2,soft,d4,224,full,bce,0,1,False,False
vit_small_soft_d4_s224_full_bce_nfull_seed2,0.952183734939759,0.9961094965858929,1.0,0.9230881860776439,0.8702100066934404,vit_small,gz2,soft,d4,224,full,bce,0,2,False,True
vit_small_soft_d4_s224_full_bce_nfull_seed2_scratch,0.9361822289156626,0.9926966417880725,0.9664491298527443,0.8605254350736279,0.7895749665327979,vit_small,gz2,soft,d4,224,full,bce,0,2,False,False
vit_small_soft_d4_s224_full_bce_nfull_seed3,0.9520582329317269,0.9959181146681151,1.0,0.9175660977242303,0.8664867804551539,vit_small,gz2,soft,d4,224,full,bce,0,3,False,True
vit_small_soft_d4_s224_full_bce_nfull_seed4,0.9526648259705489,0.9960759619382614,1.0,0.9218540829986613,0.8657337684069611,vit_small,gz2,soft,d4,224,full,bce,0,4,False,True
vit_small_soft_d4_s224_full_focal_nfull_seed0,0.9505940428380187,0.9959873771630252,1.0,0.9191557898259706,0.8683693105756358,vit_small,gz2,soft,d4,224,full,focal,0,0,False,True
vit_small_soft_d4_s224_full_focal_nfull_seed1,0.9505940428380187,0.9958786792394987,1.0,0.9165202476572959,0.8664449464524766,vit_small,gz2,soft,d4,224,full,focal,0,1,False,True
vit_small_soft_d4_s224_full_smooth_nfull_seed0,0.9534805890227577,0.9962014887783281,1.0,0.9235065261044176,0.8719461178045516,vit_small,gz2,soft,d4,224,full,smooth,0,0,False,True
vit_small_soft_d4_s224_full_smooth_nfull_seed1,0.952120983935743,0.9960264881912082,1.0,0.9220632530120482,0.8659220214190094,vit_small,gz2,soft,d4,224,full,smooth,0,1,False,True
vit_small_soft_d4_s224_partial_bce_nfull_seed0,0.9313922356091031,0.991427505693534,0.9542545180722891,0.8390018406961178,0.7712935073627845,vit_small,gz2,soft,d4,224,partial,bce,0,0,False,True
vit_small_soft_d4_s224_partial_bce_nfull_seed1,0.9321661646586346,0.9914792608722514,0.9537525100401606,0.8397339357429718,0.7671519410977242,vit_small,gz2,soft,d4,224,partial,bce,0,1,False,True
vit_small_soft_debiased_d4_s224_full_bce_nfull_seed0,0.6895080321285141,0.7748245719776935,0.10862198795180723,0.06950719544846051,0.05277359437751004,vit_small,gz2,soft_debiased,d4,224,full,bce,0,0,False,True
vit_small_soft_debiased_d4_s224_full_bce_nfull_seed1,0.6758492302543507,0.7616218198986919,0.09544427710843373,0.052522590361445784,0.040035140562248994,vit_small,gz2,soft_debiased,d4,224,full,bce,0,1,False,True
vit_small_soft_debiased_d4_s224_full_bce_nfull_seed2,0.6912232262382865,0.7712879783992361,0.10646753681392236,0.06975819946452476,0.053714859437751006,vit_small,gz2,soft_debiased,d4,224,full,bce,0,2,False,True
vit_small_soft_flip_s224_full_bce_nfull_seed0,0.9438796854082999,0.994262517527986,0.9857555220883534,0.8835759705488622,0.8254476238286479,vit_small,gz2,soft,flip,224,full,bce,0,0,False,True
vit_small_soft_flip_s224_full_bce_nfull_seed1,0.9510332998661312,0.9958457027517168,1.0,0.9154743975903614,0.8668214524765729,vit_small,gz2,soft,flip,224,full,bce,0,1,False,True
vit_small_soft_flip_s224_full_bce_nfull_seed2,0.9519327309236948,0.9959777604186741,1.0,0.9199506358768407,0.8662776104417671,vit_small,gz2,soft,flip,224,full,bce,0,2,False,True
vit_small_soft_none_s224_full_bce_nfull_seed0,0.9452602074966533,0.9948560433206444,0.9885793172690763,0.8954568273092369,0.8452978580990629,vit_small,gz2,soft,none,224,full,bce,0,0,False,True
vit_small_soft_none_s224_full_bce_nfull_seed0_op,0.9508032128514057,0.9957920849855557,1.0,0.9152652275769746,0.8618850401606426,vit_small,gz2,soft,none,224,full,bce,0,0,True,True
vit_small_soft_none_s224_full_bce_nfull_seed1,0.9456994645247657,0.9947865760510033,0.9903781793842035,0.8954149933065596,0.8370774765729585,vit_small,gz2,soft,none,224,full,bce,0,1,False,True
vit_small_soft_none_s224_full_bce_nfull_seed1_op,0.9527694109772423,0.9960798654661817,1.0,0.9214148259705489,0.8708793507362784,vit_small,gz2,soft,none,224,full,bce,0,1,True,True
vit_small_soft_none_s224_full_bce_nfull_seed2,0.9437332663989291,0.9944209779675592,0.9866758701472557,0.8890771419009371,0.8259705488621151,vit_small,gz2,soft,none,224,full,bce,0,2,False,True
vit_small_soft_none_s224_full_bce_nfull_seed2_op,0.9502384538152611,0.995771792670713,1.0,0.9154534805890228,0.8632237282463187,vit_small,gz2,soft,none,224,full,bce,0,2,True,True
vit_small_soft_w_d4_s224_full_bce_nfull_seed0,0.9538989290495314,0.9962335437348808,1.0,0.9242177041499331,0.8753555890227577,vit_small,gz2,soft_w,d4,224,full,bce,0,0,False,True
vit_small_soft_w_d4_s224_full_bce_nfull_seed1,0.9518281459170014,0.996012103301581,1.0,0.9198669678714859,0.8682438085676037,vit_small,gz2,soft_w,d4,224,full,bce,0,1,False,True
vit_small_soft_w_d4_s224_full_bce_nfull_seed2,0.9529576639892905,0.9961395952374351,1.0,0.9232973560910308,0.8691014056224899,vit_small,gz2,soft_w,d4,224,full,bce,0,2,False,True
