run_id,spearman_vs_votefraction,mae_vs_votefraction,pearson_vs_votefraction,arch,dataset,label_mode,policy,size,finetune,loss,train_size,seed,orientation_pooled,pretrained
cnn_deep_hard_d4_s128_full_bce_nfull_seed0,0.8812444530455493,0.14734976226519123,0.9161610549224558,cnn_deep,gz2,hard,d4,128,full,bce,0,0,False,True
cnn_deep_hard_d4_s128_full_bce_nfull_seed1,0.8787829522112025,0.14719381370527593,0.9146724410108792,cnn_deep,gz2,hard,d4,128,full,bce,0,1,False,True
cnn_deep_hard_d4_s128_full_bce_nfull_seed2,0.8805074116108532,0.14561773168019626,0.9175323181946818,cnn_deep,gz2,hard,d4,128,full,bce,0,2,False,True
cnn_deep_hard_d4_s128_full_bce_nfull_seed3,0.8800092299060686,0.14736914774887896,0.9158318988099354,cnn_deep,gz2,hard,d4,128,full,bce,0,3,False,True
cnn_deep_hard_d4_s128_full_bce_nfull_seed4,0.8769665177281396,0.14693247451842273,0.9152362768792718,cnn_deep,gz2,hard,d4,128,full,bce,0,4,False,True
cnn_deep_reg_hard_d4_s128_full_bce_nfull_seed0,0.8810533284409112,0.14038170450190907,0.9199921149782834,cnn_deep_reg,gz2,hard,d4,128,full,bce,0,0,False,True
cnn_deep_reg_hard_d4_s128_full_bce_nfull_seed1,0.8833112997177557,0.14137121580882436,0.9189940674235709,cnn_deep_reg,gz2,hard,d4,128,full,bce,0,1,False,True
cnn_deep_reg_hard_d4_s128_full_bce_nfull_seed2,0.8819145100831023,0.14189757579381637,0.9196525375013107,cnn_deep_reg,gz2,hard,d4,128,full,bce,0,2,False,True
cnn_deep_reg_hard_d4_s128_full_bce_nfull_seed3,0.8836677049951261,0.14160884562507817,0.9214145955161753,cnn_deep_reg,gz2,hard,d4,128,full,bce,0,3,False,True
cnn_deep_reg_hard_d4_s128_full_bce_nfull_seed4,0.8829830762502163,0.14076527286075816,0.9205368784814504,cnn_deep_reg,gz2,hard,d4,128,full,bce,0,4,False,True
cnn_deep_reg_soft_d4_s128_full_bce_nfull_seed0,0.9145149985278268,0.06066222300437631,0.9602993588220443,cnn_deep_reg,gz2,soft,d4,128,full,bce,0,0,False,True
cnn_deep_reg_soft_d4_s128_full_bce_nfull_seed1,0.9146732291995627,0.06094053103724351,0.9600167908785526,cnn_deep_reg,gz2,soft,d4,128,full,bce,0,1,False,True
cnn_deep_reg_soft_d4_s128_full_bce_nfull_seed2,0.9147012652388173,0.060705962781586076,0.9600942966646508,cnn_deep_reg,gz2,soft,d4,128,full,bce,0,2,False,True
cnn_deep_reg_soft_d4_s128_full_bce_nfull_seed3,0.9151887111455217,0.06032646332442218,0.9607378170961574,cnn_deep_reg,gz2,soft,d4,128,full,bce,0,3,False,True
cnn_deep_reg_soft_d4_s128_full_bce_nfull_seed4,0.9146413177906866,0.06081599647796628,0.9600361615022985,cnn_deep_reg,gz2,soft,d4,128,full,bce,0,4,False,True
cnn_deep_soft_d4_s128_full_bce_nfull_seed0,0.9151650013471893,0.05968690869425286,0.9617195851967335,cnn_deep,gz2,soft,d4,128,full,bce,0,0,False,True
cnn_deep_soft_d4_s128_full_bce_nfull_seed1,0.9152612800189897,0.059733502779680585,0.9615536762278057,cnn_deep,gz2,soft,d4,128,full,bce,0,1,False,True
cnn_deep_soft_d4_s128_full_bce_nfull_seed2,0.9150880679544703,0.059737541549809016,0.9615215386448089,cnn_deep,gz2,soft,d4,128,full,bce,0,2,False,True
cnn_deep_soft_d4_s128_full_bce_nfull_seed3,0.9155722567141562,0.05943636101437488,0.9619560161108223,cnn_deep,gz2,soft,d4,128,full,bce,0,3,False,True
cnn_deep_soft_d4_s128_full_bce_nfull_seed4,0.9148775194984469,0.059686691838938474,0.961699071983586,cnn_deep,gz2,soft,d4,128,full,bce,0,4,False,True
cnn_small_hard_d4_s128_full_bce_nfull_seed0,0.8769580959768235,0.1450034163355655,0.9085941511291521,cnn_small,gz2,hard,d4,128,full,bce,0,0,False,True
cnn_small_hard_d4_s128_full_bce_nfull_seed1,0.8736457108169131,0.14423261217453717,0.9085607081203607,cnn_small,gz2,hard,d4,128,full,bce,0,1,False,True
cnn_small_hard_d4_s128_full_bce_nfull_seed2,0.874994193387089,0.14405228654469568,0.9085967582872899,cnn_small,gz2,hard,d4,128,full,bce,0,2,False,True
cnn_small_hard_d4_s128_full_bce_nfull_seed3,0.8752309296955509,0.14539235940938894,0.9092607734382268,cnn_small,gz2,hard,d4,128,full,bce,0,3,False,True
cnn_small_hard_d4_s128_full_bce_nfull_seed4,0.8774736227427938,0.14490859491604827,0.9087772690438273,cnn_small,gz2,hard,d4,128,full,bce,0,4,False,True
cnn_small_soft_d4_s128_full_bce_nfull_seed0,0.9064117894826527,0.06602870408601771,0.9515954159082878,cnn_small,gz2,soft,d4,128,full,bce,0,0,False,True
cnn_small_soft_d4_s128_full_bce_nfull_seed1,0.905696866522838,0.06740317140378119,0.9490959021814037,cnn_small,gz2,soft,d4,128,full,bce,0,1,False,True
cnn_small_soft_d4_s128_full_bce_nfull_seed2,0.9052788035086681,0.06806229221712742,0.9481374741080282,cnn_small,gz2,soft,d4,128,full,bce,0,2,False,True
cnn_small_soft_d4_s128_full_bce_nfull_seed3,0.9058352769672289,0.06660576268849945,0.9503985789611518,cnn_small,gz2,soft,d4,128,full,bce,0,3,False,True
cnn_small_soft_d4_s128_full_bce_nfull_seed4,0.9053555742074398,0.06686485845366645,0.9501421224315851,cnn_small,gz2,soft,d4,128,full,bce,0,4,False,True
cnn_small_soft_d4_s64_full_bce_nfull_seed0,0.9047734241795622,0.06807351749741067,0.9481179281365357,cnn_small,gz2,soft,d4,64,full,bce,0,0,False,True
cnn_small_soft_d4_s64_full_bce_nfull_seed1,0.9032772176381317,0.07067304906073202,0.9432560596570237,cnn_small,gz2,soft,d4,64,full,bce,0,1,False,True
cnn_small_soft_d4_s96_full_bce_nfull_seed0,0.9063901558917223,0.06665665214336428,0.9507257363547854,cnn_small,gz2,soft,d4,96,full,bce,0,0,False,True
cnn_small_soft_d4_s96_full_bce_nfull_seed1,0.9069797825581126,0.06639049845044319,0.9510843815587524,cnn_small,gz2,soft,d4,96,full,bce,0,1,False,True
convnext_tiny_hard_conf_d4_s224_full_bce_nfull_seed0,0.8451467522705969,0.18607807617481753,0.8759468848698297,convnext_tiny,gz2,hard_conf,d4,224,full,bce,0,0,False,True
convnext_tiny_hard_conf_d4_s224_full_bce_nfull_seed1,0.8788186351040292,0.18468965439538793,0.87614704848974,convnext_tiny,gz2,hard_conf,d4,224,full,bce,0,1,False,True
convnext_tiny_hard_conf_d4_s224_full_bce_nfull_seed2,0.8754195507888763,0.1792756699957226,0.8825584840426727,convnext_tiny,gz2,hard_conf,d4,224,full,bce,0,2,False,True
convnext_tiny_hard_d4_s224_full_bce_nfull_seed0,0.8749168526628706,0.1560133420147765,0.916646329487026,convnext_tiny,gz2,hard,d4,224,full,bce,0,0,False,True
convnext_tiny_hard_d4_s224_full_bce_nfull_seed1,0.8969725204404443,0.14688415282017667,0.9249941391777031,convnext_tiny,gz2,hard,d4,224,full,bce,0,1,False,True
convnext_tiny_hard_d4_s224_full_bce_nfull_seed2,0.8948741856395701,0.15574270026848133,0.9148700130401807,convnext_tiny,gz2,hard,d4,224,full,bce,0,2,False,True
convnext_tiny_hard_d4_s224_full_bce_nfull_seed3,0.8939852140425445,0.15490659669063264,0.9169915955662538,convnext_tiny,gz2,hard,d4,224,full,bce,0,3,False,True
convnext_tiny_hard_d4_s224_full_bce_nfull_seed4,0.8432402373362955,0.1526994092287379,0.9166783202990806,convnext_tiny,gz2,hard,d4,224,full,bce,0,4,False,True
convnext_tiny_hard_debiased_d4_s224_full_bce_nfull_seed0,0.817369557243733,0.2734861089651209,0.7503341612926866,convnext_tiny,gz2,hard_debiased,d4,224,full,bce,0,0,False,True
convnext_tiny_hard_debiased_d4_s224_full_bce_nfull_seed1,0.8309355810798951,0.28853613361376523,0.7328043129760954,convnext_tiny,gz2,hard_debiased,d4,224,full,bce,0,1,False,True
convnext_tiny_hard_debiased_d4_s224_full_bce_nfull_seed2,0.8398144458652894,0.28238743606133476,0.7526799676346898,convnext_tiny,gz2,hard_debiased,d4,224,full,bce,0,2,False,True
convnext_tiny_soft_d4_photo_s224_full_bce_nfull_seed0,0.9230148133941394,0.05273834993678291,0.9715151249158779,convnext_tiny,gz2,soft,d4_photo,224,full,bce,0,0,False,True
convnext_tiny_soft_d4_photo_s224_full_bce_nfull_seed1,0.9232086755835172,0.053856806538188966,0.9709129616538756,convnext_tiny,gz2,soft,d4_photo,224,full,bce,0,1,False,True
convnext_tiny_soft_d4_photo_s224_full_bce_nfull_seed2,0.9230661904688108,0.05266373325476283,0.9717318937160542,convnext_tiny,gz2,soft,d4_photo,224,full,bce,0,2,False,True
convnext_tiny_soft_d4_s112_full_bce_nfull_seed0,0.9226289730718857,0.053990080047205236,0.9697727017618978,convnext_tiny,gz2,soft,d4,112,full,bce,0,0,False,True
convnext_tiny_soft_d4_s112_full_bce_nfull_seed1,0.922942617082488,0.054034238675683376,0.9698863830234418,convnext_tiny,gz2,soft,d4,112,full,bce,0,1,False,True
convnext_tiny_soft_d4_s160_full_bce_nfull_seed0,0.923266140824759,0.053263393383505844,0.9708863976916071,convnext_tiny,gz2,soft,d4,160,full,bce,0,0,False,True
convnext_tiny_soft_d4_s160_full_bce_nfull_seed1,0.9224515129154522,0.053621157106387984,0.9704939194492437,convnext_tiny,gz2,soft,d4,160,full,bce,0,1,False,True
convnext_tiny_soft_d4_s224_frozen_bce_nfull_seed0,0.8480736370602622,0.09588423396128988,0.8941940811180231,convnext_tiny,gz2,soft,d4,224,frozen,bce,0,0,False,True
convnext_tiny_soft_d4_s224_frozen_bce_nfull_seed1,0.8485423466777645,0.09578210721488634,0.8948897266336986,convnext_tiny,gz2,soft,d4,224,frozen,bce,0,1,False,True
convnext_tiny_soft_d4_s224_full_bce_nfull_seed0,0.9231993924893745,0.05293382654256426,0.971107378427761,convnext_tiny,gz2,soft,d4,224,full,bce,0,0,False,True
convnext_tiny_soft_d4_s224_full_bce_nfull_seed0_scratch,0.9166379522664326,0.059646364625338774,0.9614089477170928,convnext_tiny,gz2,soft,d4,224,full,bce,0,0,False,False
convnext_tiny_soft_d4_s224_full_bce_nfull_seed1,0.923814284873085,0.05304056338899855,0.971032313778247,convnext_tiny,gz2,soft,d4,224,full,bce,0,1,False,True
convnext_tiny_soft_d4_s224_full_bce_nfull_seed1_scratch,0.9183677325969296,0.05824118317614667,0.9637482043013124,convnext_tiny,gz2,soft,d4,224,full,bce,0,1,False,False
convnext_tiny_soft_d4_s224_full_bce_nfull_seed2,0.9235080507714297,0.05305471228357642,0.971254495024247,convnext_tiny,gz2,soft,d4,224,full,bce,0,2,False,True
convnext_tiny_soft_d4_s224_full_bce_nfull_seed2_scratch,0.9164586275550067,0.059949059854443744,0.9609924425426464,convnext_tiny,gz2,soft,d4,224,full,bce,0,2,False,False
convnext_tiny_soft_d4_s224_full_bce_nfull_seed3,0.9230366512008875,0.05333129878190048,0.9710233830486844,convnext_tiny,gz2,soft,d4,224,full,bce,0,3,False,True
convnext_tiny_soft_d4_s224_full_bce_nfull_seed4,0.920288576771933,0.05395057705335145,0.970323963820428,convnext_tiny,gz2,soft,d4,224,full,bce,0,4,False,True
convnext_tiny_soft_d4_s224_full_focal_nfull_seed0,0.9220120758664004,0.09875554025356253,0.9556422174612885,convnext_tiny,gz2,soft,d4,224,full,focal,0,0,False,True
convnext_tiny_soft_d4_s224_full_focal_nfull_seed1,0.9209729963756662,0.09561830325702352,0.9576074670998812,convnext_tiny,gz2,soft,d4,224,full,focal,0,1,False,True
convnext_tiny_soft_d4_s224_full_smooth_nfull_seed0,0.9225920131194907,0.06453699255949635,0.9706846944281843,convnext_tiny,gz2,soft,d4,224,full,smooth,0,0,False,True
convnext_tiny_soft_d4_s224_full_smooth_nfull_seed1,0.9235652790644164,0.06288343704015514,0.9709409612000637,convnext_tiny,gz2,soft,d4,224,full,smooth,0,1,False,True
convnext_tiny_soft_d4_s224_partial_bce_nfull_seed0,0.904316537137295,0.06752151664872566,0.9485956098454706,convnext_tiny,gz2,soft,d4,224,partial,bce,0,0,False,True
convnext_tiny_soft_d4_s224_partial_bce_nfull_seed1,0.9053913278195721,0.06743083397392319,0.9490135379616922,convnext_tiny,gz2,soft,d4,224,partial,bce,0,1,False,True
convnext_tiny_soft_debiased_d4_s224_full_bce_nfull_seed0,0.8277892561588066,0.23397325513681785,0.8122317811145564,convnext_tiny,gz2,soft_debiased,d4,224,full,bce,0,0,False,True
convnext_tiny_soft_debiased_d4_s224_full_bce_nfull_seed1,0.823604427172664,0.25892569294624407,0.7888246435739978,convnext_tiny,gz2,soft_debiased,d4,224,full,bce,0,1,False,True
convnext_tiny_soft_debiased_d4_s224_full_bce_nfull_seed2,0.8251679148067709,0.2880460262873121,0.7797013918383684,convnext_tiny,gz2,soft_debiased,d4,224,full,bce,0,2,False,True
convnext_tiny_soft_flip_s224_full_bce_nfull_seed0,0.9171893821847281,0.054794620945703996,0.9689753930161068,convnext_tiny,gz2,soft,flip,224,full,bce,0,0,False,True
convnext_tiny_soft_flip_s224_full_bce_nfull_seed1,0.9230053724958907,0.05437096889214008,0.970311413809256,convnext_tiny,gz2,soft,flip,224,full,bce,0,1,False,True
convnext_tiny_soft_flip_s224_full_bce_nfull_seed2,0.918634756211189,0.05473387761404811,0.9694313827998199,convnext_tiny,gz2,soft,flip,224,full,bce,0,2,False,True
convnext_tiny_soft_none_s224_full_bce_nfull_seed0,0.9137734172889781,0.056167011584446105,0.9678388013471828,convnext_tiny,gz2,soft,none,224,full,bce,0,0,False,True
convnext_tiny_soft_none_s224_full_bce_nfull_seed0_op,0.9170671555063331,0.05445369309238561,0.9699556664933026,convnext_tiny,gz2,soft,none,224,full,bce,0,0,True,True
convnext_tiny_soft_none_s224_full_bce_nfull_seed1,0.9209994160747378,0.05830720302495981,0.9659187538424188,convnext_tiny,gz2,soft,none,224,full,bce,0,1,False,True
convnext_tiny_soft_none_s224_full_bce_nfull_seed1_op,0.9170440945952535,0.05462734650377282,0.9698760696069533,convnext_tiny,gz2,soft,none,224,full,bce,0,1,True,True
convnext_tiny_soft_none_s224_full_bce_nfull_seed2,0.9142879456150891,0.05603302296089483,0.9679722004413903,convnext_tiny,gz2,soft,none,224,full,bce,0,2,False,True
convnext_tiny_soft_none_s224_full_bce_nfull_seed2_op,0.9211512679325395,0.05597743741132909,0.9692840191492762,convnext_tiny,gz2,soft,none,224,full,bce,0,2,True,True
convnext_tiny_soft_w_d4_s224_full_bce_nfull_seed0,0.9230848282706049,0.05290881696695724,0.971183171215447,convnext_tiny,gz2,soft_w,d4,224,full,bce,0,0,False,True
convnext_tiny_soft_w_d4_s224_full_bce_nfull_seed1,0.9239282050534517,0.05291298833330449,0.9712152447154708,convnext_tiny,gz2,soft_w,d4,224,full,bce,0,1,False,True
convnext_tiny_soft_w_d4_s224_full_bce_nfull_seed2,0.922761020877703,0.05297051062550555,0.9712091767609782,convnext_tiny,gz2,soft_w,d4,224,full,bce,0,2,False,True
deit3_small_hard_d4_s224_full_bce_nfull_seed0,0.8843799895857879,0.1614965854592007,0.9066332564589907,deit3_small,gz2,hard,d4,224,full,bce,0,0,False,True
deit3_small_hard_d4_s224_full_bce_nfull_seed1,0.8959694169265002,0.15839216150368915,0.9108159118211068,deit3_small,gz2,hard,d4,224,full,bce,0,1,False,True
deit3_small_hard_d4_s224_full_bce_nfull_seed2,0.8861887472183161,0.1606309231486182,0.9085481022388681,deit3_small,gz2,hard,d4,224,full,bce,0,2,False,True
deit3_small_hard_d4_s224_full_bce_nfull_seed3,0.8780141679049399,0.165356825595513,0.9025917624814306,deit3_small,gz2,hard,d4,224,full,bce,0,3,False,True
deit3_small_hard_d4_s224_full_bce_nfull_seed4,0.8977898602309474,0.1595357264002905,0.9099305419691918,deit3_small,gz2,hard,d4,224,full,bce,0,4,False,True
deit3_small_soft_d4_s224_full_bce_nfull_seed0,0.9224987892516279,0.0541421901421185,0.9698524954775781,deit3_small,gz2,soft,d4,224,full,bce,0,0,False,True
deit3_small_soft_d4_s224_full_bce_nfull_seed1,0.9230699196638731,0.053951721882071445,0.9699318709365301,deit3_small,gz2,soft,d4,224,full,bce,0,1,False,True
deit3_small_soft_d4_s224_full_bce_nfull_seed2,0.9218882471397484,0.054123667076084896,0.9696766359461847,deit3_small,gz2,soft,d4,224,full,bce,0,2,False,True
deit3_small_soft_d4_s224_full_bce_nfull_seed3,0.921970913408569,0.05443998201312038,0.9696901662112026,deit3_small,gz2,soft,d4,224,full,bce,0,3,False,True
deit3_small_soft_d4_s224_full_bce_nfull_seed4,0.9223076695650341,0.0544918767052471,0.969567109399844,deit3_small,gz2,soft,d4,224,full,bce,0,4,False,True
densenet121_hard_d4_s224_full_bce_nfull_seed0,0.8829275182896893,0.15840507337176943,0.9116854954177639,densenet121,gz2,hard,d4,224,full,bce,0,0,False,True
densenet121_hard_d4_s224_full_bce_nfull_seed1,0.8856494376136128,0.15605547735635936,0.913350868377719,densenet121,gz2,hard,d4,224,full,bce,0,1,False,True
densenet121_hard_d4_s224_full_bce_nfull_seed2,0.8762201240540161,0.15733717358601068,0.9130267423712304,densenet121,gz2,hard,d4,224,full,bce,0,2,False,True
densenet121_hard_d4_s224_full_bce_nfull_seed3,0.8863363115585303,0.1557735908957665,0.9150706272537353,densenet121,gz2,hard,d4,224,full,bce,0,3,False,True
densenet121_hard_d4_s224_full_bce_nfull_seed4,0.8831780487692849,0.15750481418442294,0.9125447349383902,densenet121,gz2,hard,d4,224,full,bce,0,4,False,True
densenet121_soft_d4_s224_full_bce_nfull_seed0,0.9218088953309722,0.053504645382308126,0.9705183577677413,densenet121,gz2,soft,d4,224,full,bce,0,0,False,True
densenet121_soft_d4_s224_full_bce_nfull_seed1,0.9218482697954231,0.05423068009276592,0.9695816091967389,densenet121,gz2,soft,d4,224,full,bce,0,1,False,True
densenet121_soft_d4_s224_full_bce_nfull_seed2,0.9219528471043676,0.05404350170204749,0.9699992622325527,densenet121,gz2,soft,d4,224,full,bce,0,2,False,True
densenet121_soft_d4_s224_full_bce_nfull_seed3,0.9221214164295592,0.053792265168171864,0.9701188517244728,densenet121,gz2,soft,d4,224,full,bce,0,3,False,True
densenet121_soft_d4_s224_full_bce_nfull_seed4,0.9212896566095486,0.05369004400383754,0.970175032976666,densenet121,gz2,soft,d4,224,full,bce,0,4,False,True
effnetv2_s_hard_d4_s224_full_bce_nfull_seed0,0.8764197083677283,0.15313216640563934,0.9176073510270918,effnetv2_s,gz2,hard,d4,224,full,bce,0,0,False,True
effnetv2_s_hard_d4_s224_full_bce_nfull_seed1,0.8690563353823135,0.1536455654574514,0.9182231699895272,effnetv2_s,gz2,hard,d4,224,full,bce,0,1,False,True
effnetv2_s_hard_d4_s224_full_bce_nfull_seed2,0.8769696511741127,0.15125602479703207,0.9188854039855235,effnetv2_s,gz2,hard,d4,224,full,bce,0,2,False,True
effnetv2_s_hard_d4_s224_full_bce_nfull_seed3,0.8832807487003409,0.15056350762351142,0.9197919968743177,effnetv2_s,gz2,hard,d4,224,full,bce,0,3,False,True
effnetv2_s_hard_d4_s224_full_bce_nfull_seed4,0.8856862700402846,0.15157005023520737,0.9201222800835416,effnetv2_s,gz2,hard,d4,224,full,bce,0,4,False,True
effnetv2_s_soft_d4_s224_full_bce_nfull_seed0,0.9225561477467416,0.053886385096492385,0.9703335131772983,effnetv2_s,gz2,soft,d4,224,full,bce,0,0,False,True
effnetv2_s_soft_d4_s224_full_bce_nfull_seed1,0.921984571313152,0.053815686051083264,0.9702655446398532,effnetv2_s,gz2,soft,d4,224,full,bce,0,1,False,True
effnetv2_s_soft_d4_s224_full_bce_nfull_seed2,0.9226182576748899,0.05575402295081861,0.9702741603666827,effnetv2_s,gz2,soft,d4,224,full,bce,0,2,False,True
effnetv2_s_soft_d4_s224_full_bce_nfull_seed3,0.9226258200551022,0.05344539653720733,0.9708522561736929,effnetv2_s,gz2,soft,d4,224,full,bce,0,3,False,True
effnetv2_s_soft_d4_s224_full_bce_nfull_seed4,0.9220517376522923,0.05454955411841156,0.9701322093594531,effnetv2_s,gz2,soft,d4,224,full,bce,0,4,False,True
fmh_convnext_tiny_hard_none_s224_full_bce_nfull_seed0,0.6589844828772808,0.38901229065980686,0.6827658963370277,convnext_tiny,fmh,hard,none,224,full,bce,0,0,False,True
fmh_convnext_tiny_hard_none_s224_full_bce_nfull_seed1,0.6936330456910712,0.39032106465613847,0.6876494672850745,convnext_tiny,fmh,hard,none,224,full,bce,0,1,False,True
fmh_convnext_tiny_hard_none_s224_full_bce_nfull_seed2,0.6745120241583147,0.38823153636782554,0.6930547269031568,convnext_tiny,fmh,hard,none,224,full,bce,0,2,False,True
fmh_resnet50_hard_none_s224_full_bce_nfull_seed0,0.7327860405033588,0.3826117495678422,0.6848863905053979,resnet50,fmh,hard,none,224,full,bce,0,0,False,True
fmh_resnet50_hard_none_s224_full_bce_nfull_seed1,0.7081335751335412,0.3815192896026712,0.6815015200057811,resnet50,fmh,hard,none,224,full,bce,0,1,False,True
fmh_resnet50_hard_none_s224_full_bce_nfull_seed2,0.7323012606367356,0.3680613478824331,0.6991322198457277,resnet50,fmh,hard,none,224,full,bce,0,2,False,True
fmh_vit_small_hard_none_s224_full_bce_nfull_seed0,0.7214191510240472,0.376016383126882,0.6991630202112666,vit_small,fmh,hard,none,224,full,bce,0,0,False,True
fmh_vit_small_hard_none_s224_full_bce_nfull_seed1,0.7179354561106142,0.3764826082014091,0.701637844567751,vit_small,fmh,hard,none,224,full,bce,0,1,False,True
fmh_vit_small_hard_none_s224_full_bce_nfull_seed2,0.6889619173358075,0.38620283086303586,0.6858798558249767,vit_small,fmh,hard,none,224,full,bce,0,2,False,True
mobilenetv3_hard_d4_s224_full_bce_nfull_seed0,0.8931244738058064,0.15727617981862682,0.9110664652328352,mobilenetv3,gz2,hard,d4,224,full,bce,0,0,False,True
mobilenetv3_hard_d4_s224_full_bce_nfull_seed1,0.8802759914345438,0.1565091298000637,0.9113415685810559,mobilenetv3,gz2,hard,d4,224,full,bce,0,1,False,True
mobilenetv3_hard_d4_s224_full_bce_nfull_seed2,0.8912002580315928,0.15886003970019533,0.9096819170885602,mobilenetv3,gz2,hard,d4,224,full,bce,0,2,False,True
mobilenetv3_hard_d4_s224_full_bce_nfull_seed3,0.8894319028908699,0.15753670953015145,0.9111568799947678,mobilenetv3,gz2,hard,d4,224,full,bce,0,3,False,True
mobilenetv3_hard_d4_s224_full_bce_nfull_seed4,0.8961674286105328,0.1517612979501702,0.9169574438563367,mobilenetv3,gz2,hard,d4,224,full,bce,0,4,False,True
mobilenetv3_soft_d4_s224_full_bce_nfull_seed0,0.9219086653213191,0.054888419485290364,0.9686480638476367,mobilenetv3,gz2,soft,d4,224,full,bce,0,0,False,True
mobilenetv3_soft_d4_s224_full_bce_nfull_seed1,0.9217925165508024,0.054931371422449214,0.9685568820018742,mobilenetv3,gz2,soft,d4,224,full,bce,0,1,False,True
mobilenetv3_soft_d4_s224_full_bce_nfull_seed2,0.9213919226013246,0.05512406178238156,0.96837042375749,mobilenetv3,gz2,soft,d4,224,full,bce,0,2,False,True
mobilenetv3_soft_d4_s224_full_bce_nfull_seed3,0.9209251289057314,0.05501240853017304,0.9682362550513497,mobilenetv3,gz2,soft,d4,224,full,bce,0,3,False,True
mobilenetv3_soft_d4_s224_full_bce_nfull_seed4,0.9218216973949799,0.05465214689201464,0.9687808560487449,mobilenetv3,gz2,soft,d4,224,full,bce,0,4,False,True
resnet50_hard_conf_d4_s224_full_bce_nfull_seed0,0.8365169261012879,0.18431769659477082,0.8754442044043971,resnet50,gz2,hard_conf,d4,224,full,bce,0,0,False,True
resnet50_hard_conf_d4_s224_full_bce_nfull_seed1,0.8431273448410548,0.18439074816859014,0.8760942596340159,resnet50,gz2,hard_conf,d4,224,full,bce,0,1,False,True
resnet50_hard_conf_d4_s224_full_bce_nfull_seed2,0.8539896669513459,0.1816544090416549,0.8821550668973639,resnet50,gz2,hard_conf,d4,224,full,bce,0,2,False,True
resnet50_hard_d4_s224_full_bce_n10000_seed0,0.8469619523037445,0.1537524409691853,0.8922526874926455,resnet50,gz2,hard,d4,224,full,bce,10000,0,False,True
resnet50_hard_d4_s224_full_bce_n10000_seed1,0.849433405757859,0.16068079054115134,0.8879825031651529,resnet50,gz2,hard,d4,224,full,bce,10000,1,False,True
resnet50_hard_d4_s224_full_bce_n2000_seed0,0.7761119800757774,0.15947835933810212,0.8462006538578137,resnet50,gz2,hard,d4,224,full,bce,2000,0,False,True
resnet50_hard_d4_s224_full_bce_n2000_seed1,0.7935827501924927,0.1442260004757879,0.8493783055852,resnet50,gz2,hard,d4,224,full,bce,2000,1,False,True
resnet50_hard_d4_s224_full_bce_n25000_seed0,0.8408559353793614,0.16084170554014968,0.8969438796054693,resnet50,gz2,hard,d4,224,full,bce,25000,0,False,True
resnet50_hard_d4_s224_full_bce_n25000_seed1,0.8483658366070702,0.15524030799882788,0.9012630261291995,resnet50,gz2,hard,d4,224,full,bce,25000,1,False,True
resnet50_hard_d4_s224_full_bce_n50000_seed0,0.874963454788587,0.14981160289946277,0.9141395882114338,resnet50,gz2,hard,d4,224,full,bce,50000,0,False,True
resnet50_hard_d4_s224_full_bce_n50000_seed1,0.8441279811571902,0.16116627234387568,0.9003346845782761,resnet50,gz2,hard,d4,224,full,bce,50000,1,False,True
resnet50_hard_d4_s224_full_bce_n5000_seed0,0.824084504838355,0.15669418890883463,0.8793042192446558,resnet50,gz2,hard,d4,224,full,bce,5000,0,False,True
resnet50_hard_d4_s224_full_bce_n5000_seed1,0.8035283930946776,0.16369000757078217,0.8677590685437909,resnet50,gz2,hard,d4,224,full,bce,5000,1,False,True
resnet50_hard_d4_s224_full_bce_nfull_seed0,0.8780965210595016,0.15556693961411927,0.9139796456161068,resnet50,gz2,hard,d4,224,full,bce,0,0,False,True
resnet50_hard_d4_s224_full_bce_nfull_seed1,0.8809949185520071,0.1603592249551939,0.9102327612863554,resnet50,gz2,hard,d4,224,full,bce,0,1,False,True
resnet50_hard_d4_s224_full_bce_nfull_seed2,0.8813182787214887,0.15005667613245322,0.920126975991711,resnet50,gz2,hard,d4,224,full,bce,0,2,False,True
resnet50_hard_d4_s224_full_bce_nfull_seed3,0.8801667007389886,0.15443743622519843,0.9163368546141107,resnet50,gz2,hard,d4,224,full,bce,0,3,False,True
resnet50_hard_d4_s224_full_bce_nfull_seed4,0.8808786925019121,0.15584132891393732,0.9145231071218499,resnet50,gz2,hard,d4,224,full,bce,0,4,False,True
resnet50_hard_debiased_d4_s224_full_bce_nfull_seed0,0.8210895649279086,0.2798711321430203,0.7376977097314054,resnet50,gz2,hard_debiased,d4,224,full,bce,0,0,False,True
resnet50_hard_debiased_d4_s224_full_bce_nfull_seed1,0.8175231656417522,0.2890991805328598,0.7253091567305515,resnet50,gz2,hard_debiased,d4,224,full,bce,0,1,False,True
resnet50_hard_debiased_d4_s224_full_bce_nfull_seed2,0.8155789884216504,0.2762094978712588,0.7337818214647317,resnet50,gz2,hard_debiased,d4,224,full,bce,0,2,False,True
resnet50_soft_d4_photo_s224_full_bce_nfull_seed0,0.9236221502185511,0.05323759773745521,0.9708665232496669,resnet50,gz2,soft,d4_photo,224,full,bce,0,0,False,True
resnet50_soft_d4_photo_s224_full_bce_nfull_seed1,0.9237991426555047,0.0531124070162614,0.9710913034630706,resnet50,gz2,soft,d4_photo,224,full,bce,0,1,False,True
resnet50_soft_d4_photo_s224_full_bce_nfull_seed2,0.9235714378293883,0.05321135034749164,0.9709583184834578,resnet50,gz2,soft,d4_photo,224,full,bce,0,2,False,True
resnet50_soft_d4_s112_full_bce_nfull_seed0,0.9206232747525538,0.05526737866624435,0.9682170921349916,resnet50,gz2,soft,d4,112,full,bce,0,0,False,True
resnet50_soft_d4_s112_full_bce_nfull_seed1,0.9207446603645086,0.055124917228953935,0.9681674689802785,resnet50,gz2,soft,d4,112,full,bce,0,1,False,True
resnet50_soft_d4_s160_full_bce_nfull_seed0,0.9209598384542784,0.0550108138790259,0.9684691707584612,resnet50,gz2,soft,d4,160,full,bce,0,0,False,True
resnet50_soft_d4_s160_full_bce_nfull_seed1,0.9212311079416527,0.05462313416748012,0.9691048217499455,resnet50,gz2,soft,d4,160,full,bce,0,1,False,True
resnet50_soft_d4_s224_frozen_bce_nfull_seed0,0.7323745330711077,0.13964512388879477,0.7748410158146233,resnet50,gz2,soft,d4,224,frozen,bce,0,0,False,True
resnet50_soft_d4_s224_frozen_bce_nfull_seed1,0.7336991567563882,0.1388624446781168,0.7754866476928991,resnet50,gz2,soft,d4,224,frozen,bce,0,1,False,True
resnet50_soft_d4_s224_full_bce_n10000_seed0,0.8905422573830517,0.0712011706823308,0.9423604868413747,resnet50,gz2,soft,d4,224,full,bce,10000,0,False,True
resnet50_soft_d4_s224_full_bce_n10000_seed1,0.8928148246781448,0.07061836727275175,0.9438104082717882,resnet50,gz2,soft,d4,224,full,bce,10000,1,False,True
resnet50_soft_d4_s224_full_bce_n2000_seed0,0.8389792090100129,0.09541956535787431,0.8914576720055476,resnet50,gz2,soft,d4,224,full,bce,2000,0,False,True
resnet50_soft_d4_s224_full_bce_n2000_seed1,0.8325342830450451,0.09889890775031775,0.8834366645433374,resnet50,gz2,soft,d4,224,full,bce,2000,1,False,True
resnet50_soft_d4_s224_full_bce_n25000_seed0,0.9076994769073367,0.06272965841034137,0.9568601317799755,resnet50,gz2,soft,d4,224,full,bce,25000,0,False,True
resnet50_soft_d4_s224_full_bce_n25000_seed1,0.9076705115938832,0.0625256333778388,0.9574426430641325,resnet50,gz2,soft,d4,224,full,bce,25000,1,False,True
resnet50_soft_d4_s224_full_bce_n50000_seed0,0.9147741940350136,0.058787297537648824,0.9633222389323225,resnet50,gz2,soft,d4,224,full,bce,50000,0,False,True
resnet50_soft_d4_s224_full_bce_n50000_seed1,0.9137666694381055,0.05949140279599602,0.9629685132382697,resnet50,gz2,soft,d4,224,full,bce,50000,1,False,True
resnet50_soft_d4_s224_full_bce_n5000_seed0,0.8757187212308583,0.07968073889208763,0.9273103539564261,resnet50,gz2,soft,d4,224,full,bce,5000,0,False,True
resnet50_soft_d4_s224_full_bce_n5000_seed1,0.8763481913993377,0.0795214309172372,0.9264093229599422,resnet50,gz2,soft,d4,224,full,bce,5000,1,False,True
resnet50_soft_d4_s224_full_bce_nfull_seed0,0.9218947103182681,0.05431116530161896,0.9694303259932161,resnet50,gz2,soft,d4,224,full,bce,0,0,False,True
resnet50_soft_d4_s224_full_bce_nfull_seed0_scratch,0.9187809604040207,0.057394130211009566,0.9650014944313925,resnet50,gz2,soft,d4,224,full,bce,0,0,False,False
resnet50_soft_d4_s224_full_bce_nfull_seed1,0.921738866453124,0.054103275244976594,0.969757511390093,resnet50,gz2,soft,d4,224,full,bce,0,1,False,True
resnet50_soft_d4_s224_full_bce_nfull_seed1_scratch,0.919179264122297,0.057665676919183624,0.9647265014873481,resnet50,gz2,soft,d4,224,full,bce,0,1,False,False
resnet50_soft_d4_s224_full_bce_nfull_seed2,0.9210636460118672,0.05433195676367339,0.9695045273037937,resnet50,gz2,soft,d4,224,full,bce,0,2,False,True
resnet50_soft_d4_s224_full_bce_nfull_seed2_scratch,0.9189538795054407,0.057651643453934046,0.9645743436055458,resnet50,gz2,soft,d4,224,full,bce,0,2,False,False
resnet50_soft_d4_s224_full_bce_nfull_seed3,0.9213924936731809,0.054457551793838446,0.9694617973006985,resnet50,gz2,soft,d4,224,full,bce,0,3,False,True
resnet50_soft_d4_s224_full_bce_nfull_seed4,0.9220028872431834,0.05405563452150759,0.9698310935960015,resnet50,gz2,soft,d4,224,full,bce,0,4,False,True
resnet50_soft_d4_s224_full_focal_nfull_seed0,0.9153526399146226,0.0979229238466264,0.9545086696337546,resnet50,gz2,soft,d4,224,full,focal,0,0,False,True
resnet50_soft_d4_s224_full_focal_nfull_seed1,0.9149683161235741,0.09662430095622149,0.9557442390247566,resnet50,gz2,soft,d4,224,full,focal,0,1,False,True
resnet50_soft_d4_s224_full_smooth_nfull_seed0,0.9217783867455005,0.06452324735164168,0.9695394788800458,resnet50,gz2,soft,d4,224,full,smooth,0,0,False,True
resnet50_soft_d4_s224_full_smooth_nfull_seed1,0.9213470568925426,0.06391983874309524,0.9696994393608344,resnet50,gz2,soft,d4,224,full,smooth,0,1,False,True
resnet50_soft_d4_s224_partial_bce_nfull_seed0,0.8727446602221938,0.08392090404784613,0.9148454179675859,resnet50,gz2,soft,d4,224,partial,bce,0,0,False,True
resnet50_soft_d4_s224_partial_bce_nfull_seed1,0.8728558810604514,0.08390931098390488,0.9153288018080404,resnet50,gz2,soft,d4,224,partial,bce,0,1,False,True
resnet50_soft_debiased_d4_s224_full_bce_nfull_seed0,0.8201432867543208,0.25905127395069044,0.7845879338497124,resnet50,gz2,soft_debiased,d4,224,full,bce,0,0,False,True
resnet50_soft_debiased_d4_s224_full_bce_nfull_seed1,0.829179044641317,0.25046975774814667,0.8017178588437339,resnet50,gz2,soft_debiased,d4,224,full,bce,0,1,False,True
resnet50_soft_debiased_d4_s224_full_bce_nfull_seed2,0.836107430687016,0.2398586709829646,0.8027948738877632,resnet50,gz2,soft_debiased,d4,224,full,bce,0,2,False,True
resnet50_soft_flip_s224_full_bce_nfull_seed0,0.9193763873487454,0.05680061420153737,0.9670146208889665,resnet50,gz2,soft,flip,224,full,bce,0,0,False,True
resnet50_soft_flip_s224_full_bce_nfull_seed1,0.9191450689101341,0.05596099568786408,0.9679945463748784,resnet50,gz2,soft,flip,224,full,bce,0,1,False,True
resnet50_soft_flip_s224_full_bce_nfull_seed2,0.9188518808668703,0.05578648542617694,0.9675785570037375,resnet50,gz2,soft,flip,224,full,bce,0,2,False,True
resnet50_soft_none_s224_full_bce_nfull_seed0,0.9126400934243265,0.06355140019148076,0.9608316899985038,resnet50,gz2,soft,none,224,full,bce,0,0,False,True
resnet50_soft_none_s224_full_bce_nfull_seed0_op,0.9214127006712537,0.05466757129212685,0.9694314981821879,resnet50,gz2,soft,none,224,full,bce,0,0,True,True
resnet50_soft_none_s224_full_bce_nfull_seed1,0.9136400277868791,0.06208550501397635,0.9614969820186464,resnet50,gz2,soft,none,224,full,bce,0,1,False,True
resnet50_soft_none_s224_full_bce_nfull_seed1_op,0.9162581076394275,0.055844783650938506,0.9676113013360116,resnet50,gz2,soft,none,224,full,bce,0,1,True,True
resnet50_soft_none_s224_full_bce_nfull_seed2,0.9052671542554287,0.06032737511529209,0.9623022410380578,resnet50,gz2,soft,none,224,full,bce,0,2,False,True
resnet50_soft_none_s224_full_bce_nfull_seed2_op,0.9212067214826152,0.05535989147812722,0.969350806828401,resnet50,gz2,soft,none,224,full,bce,0,2,True,True
resnet50_soft_w_d4_s224_full_bce_nfull_seed0,0.9214841219794095,0.05438346241806665,0.9694980937651737,resnet50,gz2,soft_w,d4,224,full,bce,0,0,False,True
resnet50_soft_w_d4_s224_full_bce_nfull_seed1,0.9217156447434877,0.053894034164212165,0.9698970092499727,resnet50,gz2,soft_w,d4,224,full,bce,0,1,False,True
resnet50_soft_w_d4_s224_full_bce_nfull_seed2,0.9216804186002815,0.054117163853759656,0.9697531277145963,resnet50,gz2,soft_w,d4,224,full,bce,0,2,False,True
swin_tiny_hard_d4_s224_full_bce_nfull_seed0,0.8955535685198858,0.15577361663629105,0.9149164031018822,swin_tiny,gz2,hard,d4,224,full,bce,0,0,False,True
swin_tiny_hard_d4_s224_full_bce_nfull_seed1,0.8973673906381242,0.14821357312335118,0.9222500423034385,swin_tiny,gz2,hard,d4,224,full,bce,0,1,False,True
swin_tiny_hard_d4_s224_full_bce_nfull_seed2,0.8895179476984297,0.15863471983363847,0.9107882058286951,swin_tiny,gz2,hard,d4,224,full,bce,0,2,False,True
swin_tiny_hard_d4_s224_full_bce_nfull_seed3,0.8979068383245759,0.1601028131033643,0.9094111036424117,swin_tiny,gz2,hard,d4,224,full,bce,0,3,False,True
swin_tiny_hard_d4_s224_full_bce_nfull_seed4,0.8979949453429688,0.16112767058041774,0.9082929152840643,swin_tiny,gz2,hard,d4,224,full,bce,0,4,False,True
swin_tiny_soft_d4_s224_full_bce_nfull_seed0,0.9239423754026153,0.05348945342206387,0.9704213761930109,swin_tiny,gz2,soft,d4,224,full,bce,0,0,False,True
swin_tiny_soft_d4_s224_full_bce_nfull_seed1,0.9236656875749518,0.053375006818379735,0.9704807732805845,swin_tiny,gz2,soft,d4,224,full,bce,0,1,False,True
swin_tiny_soft_d4_s224_full_bce_nfull_seed2,0.9235900255935797,0.053377795674326226,0.9705267742495612,swin_tiny,gz2,soft,d4,224,full,bce,0,2,False,True
swin_tiny_soft_d4_s224_full_bce_nfull_seed3,0.9236213947798285,0.05386527806438433,0.9701910854775246,swin_tiny,gz2,soft,d4,224,full,bce,0,3,False,True
swin_tiny_soft_d4_s224_full_bce_nfull_seed4,0.9237692559399369,0.053457125136537685,0.9702350984997923,swin_tiny,gz2,soft,d4,224,full,bce,0,4,False,True
vit_base_hard_d4_s224_full_bce_nfull_seed0,0.8981485348747018,0.1603549367920439,0.9080348154270732,vit_base,gz2,hard,d4,224,full,bce,0,0,False,True
vit_base_hard_d4_s224_full_bce_nfull_seed1,0.899539489830634,0.1607881086460443,0.9072664679040391,vit_base,gz2,hard,d4,224,full,bce,0,1,False,True
vit_base_hard_d4_s224_full_bce_nfull_seed2,0.8960251270663095,0.16254047561557752,0.9050652578683374,vit_base,gz2,hard,d4,224,full,bce,0,2,False,True
vit_base_hard_d4_s224_full_bce_nfull_seed3,0.8969298016096476,0.16100821129861456,0.9052996728597205,vit_base,gz2,hard,d4,224,full,bce,0,3,False,True
vit_base_hard_d4_s224_full_bce_nfull_seed4,0.8982864887232087,0.15640714485235777,0.9109918524540964,vit_base,gz2,hard,d4,224,full,bce,0,4,False,True
vit_base_soft_d4_s224_full_bce_nfull_seed0,0.9210058520817881,0.05522701739432276,0.9684897900246433,vit_base,gz2,soft,d4,224,full,bce,0,0,False,True
vit_base_soft_d4_s224_full_bce_nfull_seed1,0.9210959908932588,0.0557471978307808,0.9684163248296078,vit_base,gz2,soft,d4,224,full,bce,0,1,False,True
vit_base_soft_d4_s224_full_bce_nfull_seed2,0.9212134400331162,0.05577726326538586,0.9681544446356064,vit_base,gz2,soft,d4,224,full,bce,0,2,False,True
vit_base_soft_d4_s224_full_bce_nfull_seed3,0.9219976227974195,0.05476033755378666,0.9686612399015145,vit_base,gz2,soft,d4,224,full,bce,0,3,False,True
vit_base_soft_d4_s224_full_bce_nfull_seed4,0.9209198022562373,0.05513631466222587,0.9686237172272398,vit_base,gz2,soft,d4,224,full,bce,0,4,False,True
vit_small_hard_conf_d4_s224_full_bce_nfull_seed0,0.8557553440126876,0.18646798728038189,0.8727464943927423,vit_small,gz2,hard_conf,d4,224,full,bce,0,0,False,True
vit_small_hard_conf_d4_s224_full_bce_nfull_seed1,0.8659964200771837,0.1860348004585287,0.8718280509241245,vit_small,gz2,hard_conf,d4,224,full,bce,0,1,False,True
vit_small_hard_conf_d4_s224_full_bce_nfull_seed2,0.8508767859009464,0.1790884540958359,0.8817143514148875,vit_small,gz2,hard_conf,d4,224,full,bce,0,2,False,True
vit_small_hard_d4_s224_full_bce_n10000_seed0,0.8793731260419565,0.1592339554149311,0.8950822644619977,vit_small,gz2,hard,d4,224,full,bce,10000,0,False,True
vit_small_hard_d4_s224_full_bce_n10000_seed1,0.883862162879667,0.1506743565623305,0.9059978789388464,vit_small,gz2,hard,d4,224,full,bce,10000,1,False,True
vit_small_hard_d4_s224_full_bce_n2000_seed0,0.8435063799194414,0.17110258422099267,0.8646571393942366,vit_small,gz2,hard,d4,224,full,bce,2000,0,False,True
vit_small_hard_d4_s224_full_bce_n2000_seed1,0.8526615110896175,0.17442813987338202,0.8578740745847426,vit_small,gz2,hard,d4,224,full,bce,2000,1,False,True
vit_small_hard_d4_s224_full_bce_n25000_seed0,0.8817488192727473,0.15531351759780274,0.9036343184168688,vit_small,gz2,hard,d4,224,full,bce,25000,0,False,True
vit_small_hard_d4_s224_full_bce_n25000_seed1,0.886737303641349,0.16063763866358036,0.9020435995775583,vit_small,gz2,hard,d4,224,full,bce,25000,1,False,True
vit_small_hard_d4_s224_full_bce_n50000_seed0,0.8860257953506474,0.16819194993275743,0.8938955776648496,vit_small,gz2,hard,d4,224,full,bce,50000,0,False,True
vit_small_hard_d4_s224_full_bce_n50000_seed1,0.8857275150775885,0.15350068988726867,0.9121831532667642,vit_small,gz2,hard,d4,224,full,bce,50000,1,False,True
vit_small_hard_d4_s224_full_bce_n5000_seed0,0.8615614237028422,0.18065545210574951,0.8653025375890824,vit_small,gz2,hard,d4,224,full,bce,5000,0,False,True
vit_small_hard_d4_s224_full_bce_n5000_seed1,0.8527457422821161,0.17949317269061577,0.8688155780287412,vit_small,gz2,hard,d4,224,full,bce,5000,1,False,True
vit_small_hard_d4_s224_full_bce_nfull_seed0,0.9005302201398739,0.15381171074357053,0.914401447519557,vit_small,gz2,hard,d4,224,full,bce,0,0,False,True
vit_small_hard_d4_s224_full_bce_nfull_seed1,0.8991431438320455,0.14711174477120015,0.9230112055984562,vit_small,gz2,hard,d4,224,full,bce,0,1,False,True
vit_small_hard_d4_s224_full_bce_nfull_seed2,0.897799428730908,0.15482137409269717,0.914263277269959,vit_small,gz2,hard,d4,224,full,bce,0,2,False,True
vit_small_hard_d4_s224_full_bce_nfull_seed3,0.8931160238022564,0.14828494199977493,0.9218165067325639,vit_small,gz2,hard,d4,224,full,bce,0,3,False,True
vit_small_hard_d4_s224_full_bce_nfull_seed4,0.8983309620965474,0.16107941159268735,0.9082024858025628,vit_small,gz2,hard,d4,224,full,bce,0,4,False,True
vit_small_hard_debiased_d4_s224_full_bce_nfull_seed0,0.8291005520848197,0.29404913152289525,0.7165622718794813,vit_small,gz2,hard_debiased,d4,224,full,bce,0,0,False,True
vit_small_hard_debiased_d4_s224_full_bce_nfull_seed1,0.7985314434669233,0.28484266999619917,0.7174491783540426,vit_small,gz2,hard_debiased,d4,224,full,bce,0,1,False,True
vit_small_hard_debiased_d4_s224_full_bce_nfull_seed2,0.812625790656232,0.2693122792445087,0.7370883413945988,vit_small,gz2,hard_debiased,d4,224,full,bce,0,2,False,True
vit_small_soft_d4_photo_s224_full_bce_nfull_seed0,0.9231186300362432,0.054180953220794484,0.9698815941548865,vit_small,gz2,soft,d4_photo,224,full,bce,0,0,False,True
vit_small_soft_d4_photo_s224_full_bce_nfull_seed1,0.9236141759828522,0.053302903971840856,0.9707988164008835,vit_small,gz2,soft,d4_photo,224,full,bce,0,1,False,True
vit_small_soft_d4_photo_s224_full_bce_nfull_seed2,0.9231414959788884,0.053407901599425,0.9705354464179929,vit_small,gz2,soft,d4_photo,224,full,bce,0,2,False,True
vit_small_soft_d4_s112_full_bce_nfull_seed0,0.9172108683683414,0.05877620475102048,0.9630439650479437,vit_small,gz2,soft,d4,112,full,bce,0,0,False,True
vit_small_soft_d4_s112_full_bce_nfull_seed1,0.9173181818281236,0.05848270995258754,0.9632903818852376,vit_small,gz2,soft,d4,112,full,bce,0,1,False,True
vit_small_soft_d4_s160_full_bce_nfull_seed0,0.9197737794793075,0.056457696141760216,0.9663510425290631,vit_small,gz2,soft,d4,160,full,bce,0,0,False,True
vit_small_soft_d4_s160_full_bce_nfull_seed1,0.9200114786823418,0.05642220309933496,0.966514838288202,vit_small,gz2,soft,d4,160,full,bce,0,1,False,True
vit_small_soft_d4_s224_frozen_bce_nfull_seed0,0.8503816137460457,0.09458748178837849,0.8955661378854423,vit_small,gz2,soft,d4,224,frozen,bce,0,0,False,True
vit_small_soft_d4_s224_frozen_bce_nfull_seed1,0.8514532126386747,0.09482607862691017,0.8960856224091203,vit_small,gz2,soft,d4,224,frozen,bce,0,1,False,True
vit_small_soft_d4_s224_full_bce_n10000_seed0,0.9072819163253557,0.06483238050644634,0.9532682425368638,vit_small,gz2,soft,d4,224,full,bce,10000,0,False,True
vit_small_soft_d4_s224_full_bce_n10000_seed1,0.9094613473840037,0.0645122044883234,0.9543689588348395,vit_small,gz2,soft,d4,224,full,bce,10000,1,False,True
vit_small_soft_d4_s224_full_bce_n2000_seed0,0.8931357376474812,0.07338927511464721,0.9383455979925773,vit_small,gz2,soft,d4,224,full,bce,2000,0,False,True
vit_small_soft_d4_s224_full_bce_n2000_seed1,0.8960792356619052,0.07334094970062989,0.9387488481180505,vit_small,gz2,soft,d4,224,full,bce,2000,1,False,True
vit_small_soft_d4_s224_full_bce_n25000_seed0,0.9146531671806339,0.060838838679126386,0.9611503679224089,vit_small,gz2,soft,d4,224,full,bce,25000,0,False,True
vit_small_soft_d4_s224_full_bce_n25000_seed1,0.9146144458421345,0.0611101329386429,0.9617398055225558,vit_small,gz2,soft,d4,224,full,bce,25000,1,False,True
vit_small_soft_d4_s224_full_bce_n50000_seed0,0.9184512903589561,0.05880641707346911,0.9643287436948706,vit_small,gz2,soft,d4,224,full,bce,50000,0,False,True
vit_small_soft_d4_s224_full_bce_n50000_seed1,0.9181395718878826,0.060748464320020276,0.9635497273633309,vit_small,gz2,soft,d4,224,full,bce,50000,1,False,True
vit_small_soft_d4_s224_full_bce_n5000_seed0,0.9016887187123899,0.06862775451426108,0.9476073518273755,vit_small,gz2,soft,d4,224,full,bce,5000,0,False,True
vit_small_soft_d4_s224_full_bce_n5000_seed1,0.904550807294049,0.06813176854071679,0.9485267111091733,vit_small,gz2,soft,d4,224,full,bce,5000,1,False,True
vit_small_soft_d4_s224_full_bce_nfull_seed0,0.9222580143698852,0.05455184543358082,0.969109774301988,vit_small,gz2,soft,d4,224,full,bce,0,0,False,True
vit_small_soft_d4_s224_full_bce_nfull_seed0_scratch,0.910619913171754,0.06597480973137208,0.9505873495610125,vit_small,gz2,soft,d4,224,full,bce,0,0,False,False
vit_small_soft_d4_s224_full_bce_nfull_seed1,0.9215101742299069,0.05503637406594798,0.9687428240924894,vit_small,gz2,soft,d4,224,full,bce,0,1,False,True
vit_small_soft_d4_s224_full_bce_nfull_seed1_scratch,0.9105888264391467,0.06588798881819283,0.9509039652368365,vit_small,gz2,soft,d4,224,full,bce,0,1,False,False
vit_small_soft_d4_s224_full_bce_nfull_seed2,0.9220702584253406,0.05489374568498592,0.96897837825857,vit_small,gz2,soft,d4,224,full,bce,0,2,False,True
vit_small_soft_d4_s224_full_bce_nfull_seed2_scratch,0.9101540884989154,0.06647451284907407,0.9499537589654056,vit_small,gz2,soft,d4,224,full,bce,0,2,False,False
vit_small_soft_d4_s224_full_bce_nfull_seed3,0.9214762090504858,0.05512993524833572,0.9687345702705041,vit_small,gz2,soft,d4,224,full,bce,0,3,False,True
vit_small_soft_d4_s224_full_bce_nfull_seed4,0.9218158747625005,0.05486706918498738,0.9689577669825465,vit_small,gz2,soft,d4,224,full,bce,0,4,False,True
vit_small_soft_d4_s224_full_focal_nfull_seed0,0.9202558453574975,0.09626406008645033,0.9554253954102739,vit_small,gz2,soft,d4,224,full,focal,0,0,False,True
vit_small_soft_d4_s224_full_focal_nfull_seed1,0.9197199843924792,0.0968790281854242,0.9542064105676445,vit_small,gz2,soft,d4,224,full,focal,0,1,False,True
vit_small_soft_d4_s224_full_smooth_nfull_seed0,0.922574015695954,0.06357814134872757,0.9691940950961037,vit_small,gz2,soft,d4,224,full,smooth,0,0,False,True
vit_small_soft_d4_s224_full_smooth_nfull_seed1,0.9220972847813448,0.06466563521644421,0.9687625654572574,vit_small,gz2,soft,d4,224,full,smooth,0,1,False,True
vit_small_soft_d4_s224_partial_bce_nfull_seed0,0.9029229321889212,0.06967195402266016,0.9437134210110867,vit_small,gz2,soft,d4,224,partial,bce,0,0,False,True
vit_small_soft_d4_s224_partial_bce_nfull_seed1,0.9034190927312291,0.07025740071030448,0.9443902390589062,vit_small,gz2,soft,d4,224,partial,bce,0,1,False,True
vit_small_soft_debiased_d4_s224_full_bce_nfull_seed0,0.8224906044490744,0.2651994070406496,0.7761714938594743,vit_small,gz2,soft_debiased,d4,224,full,bce,0,0,False,True
vit_small_soft_debiased_d4_s224_full_bce_nfull_seed1,0.8233495853907705,0.27815532145966876,0.7724286072380644,vit_small,gz2,soft_debiased,d4,224,full,bce,0,1,False,True
vit_small_soft_debiased_d4_s224_full_bce_nfull_seed2,0.829026399117645,0.268429374572885,0.7897097326296332,vit_small,gz2,soft_debiased,d4,224,full,bce,0,2,False,True
vit_small_soft_flip_s224_full_bce_nfull_seed0,0.9200241164389598,0.06286967252324113,0.9660349800428751,vit_small,gz2,soft,flip,224,full,bce,0,0,False,True
vit_small_soft_flip_s224_full_bce_nfull_seed1,0.9192730445847451,0.05624095088174099,0.96704520585062,vit_small,gz2,soft,flip,224,full,bce,0,1,False,True
vit_small_soft_flip_s224_full_bce_nfull_seed2,0.9210271132030301,0.055930631446533735,0.9673617095692648,vit_small,gz2,soft,flip,224,full,bce,0,2,False,True
vit_small_soft_none_s224_full_bce_nfull_seed0,0.9184511443894748,0.06104965568586362,0.9622491323593447,vit_small,gz2,soft,none,224,full,bce,0,0,False,True
vit_small_soft_none_s224_full_bce_nfull_seed0_op,0.9207773069241801,0.056318980288871036,0.9683170440891788,vit_small,gz2,soft,none,224,full,bce,0,0,True,True
vit_small_soft_none_s224_full_bce_nfull_seed1,0.9171351863122863,0.059879732265191825,0.9633221617079749,vit_small,gz2,soft,none,224,full,bce,0,1,False,True
vit_small_soft_none_s224_full_bce_nfull_seed1_op,0.9219536462160414,0.0552755054460041,0.9684679771434096,vit_small,gz2,soft,none,224,full,bce,0,1,True,True
vit_small_soft_none_s224_full_bce_nfull_seed2,0.9182151354599478,0.060086144380825116,0.9631633669668361,vit_small,gz2,soft,none,224,full,bce,0,2,False,True
vit_small_soft_none_s224_full_bce_nfull_seed2_op,0.9211736136306209,0.056654327163776705,0.9668375527206112,vit_small,gz2,soft,none,224,full,bce,0,2,True,True
vit_small_soft_w_d4_s224_full_bce_nfull_seed0,0.9220371524627032,0.054624722100860286,0.969057999706189,vit_small,gz2,soft_w,d4,224,full,bce,0,0,False,True
vit_small_soft_w_d4_s224_full_bce_nfull_seed1,0.9221466304420062,0.054988595010909434,0.9689105029086,vit_small,gz2,soft_w,d4,224,full,bce,0,1,False,True
vit_small_soft_w_d4_s224_full_bce_nfull_seed2,0.9217135800222409,0.054833969659610925,0.9689546632807315,vit_small,gz2,soft_w,d4,224,full,bce,0,2,False,True
